
Dataset Validation
======================================================================

  Split: train    STATUS: OK
    Cabernet Sauvignon                131 images
    Chardonnay                        144 images
    Cider                             405 images
    IPA                               345 images
    Lager                             267 images
    Malbec                            108 images
    Pinot Noir                        102 images
    Sauvignon blanc                   137 images
    Stout                             478 images
    Wheat                             433 images
    orange wine                       147 images
    rose wine                         412 images

  Split: val    STATUS: OK
    Cabernet Sauvignon                28 images
    Chardonnay                        31 images
    Cider                             86 images
    IPA                               74 images
    Lager                             57 images
    Malbec                            23 images
    Pinot Noir                        22 images
    Sauvignon blanc                   29 images
    Stout                             102 images
    Wheat                             92 images
    orange wine                       31 images
    rose wine                         88 images

  Split: test    STATUS: OK
    Cabernet Sauvignon                29 images
    Chardonnay                        32 images
    Cider                             88 images
    IPA                               75 images
    Lager                             58 images
    Malbec                            24 images
    Pinot Noir                        23 images
    Sauvignon blanc                   31 images
    Stout                             104 images
    Wheat                             94 images
    orange wine                       33 images
    rose wine                         89 images

======================================================================
VALIDATION RESULT: PASSED   (all splits and classes found)
======================================================================

  Class weights (inverse-frequency):
    Cabernet Sauvignon               131 samples  weight: 1.4384
    Chardonnay                       144 samples  weight: 1.3085
    Cider                            405 samples  weight: 0.4653
    IPA                              345 samples  weight: 0.5462
    Lager                            267 samples  weight: 0.7057
    Malbec                           108 samples  weight: 1.7447
    Pinot Noir                       102 samples  weight: 1.8473
    Sauvignon blanc                  137 samples  weight: 1.3754
    Stout                            478 samples  weight: 0.3942
    Wheat                            433 samples  weight: 0.4352
    orange wine                      147 samples  weight: 1.2818
    rose wine                        412 samples  weight: 0.4573
  Config snapshot saved to results/v40/config_snapshot.json
======================================================================
Cross-Validation  (5 folds)
======================================================================

Fold [1 / 5]
----------------------------------------------------------------------
  Epoch [1/600]  loss: 3.0161  accuracy: 20.31%  val_loss: 2.1571  val_accuracy: 43.01%
  Epoch [2/600]  loss: 2.3215  accuracy: 28.40%  val_loss: 2.0855  val_accuracy: 44.85%
  Epoch [3/600]  loss: 2.2272  accuracy: 31.25%  val_loss: 2.0885  val_accuracy: 43.01%
  Epoch [4/600]  loss: 2.1758  accuracy: 32.05%  val_loss: 2.0884  val_accuracy: 42.22%
  Epoch [5/600]  loss: 2.1349  accuracy: 33.94%  val_loss: 2.0455  val_accuracy: 41.82%
  Epoch [6/600]  loss: 2.1090  accuracy: 35.34%  val_loss: 2.0598  val_accuracy: 44.06%
  Epoch [7/600]  loss: 2.0944  accuracy: 35.70%  val_loss: 1.9727  val_accuracy: 46.70%
  Epoch [8/600]  loss: 2.0387  accuracy: 38.16%  val_loss: 2.0388  val_accuracy: 45.91%
  Epoch [9/600]  loss: 2.0140  accuracy: 38.69%  val_loss: 1.9415  val_accuracy: 46.57%
  Epoch [10/600]  loss: 2.0207  accuracy: 37.52%  val_loss: 1.9766  val_accuracy: 45.12%
  Epoch [11/600]  loss: 1.9911  accuracy: 39.78%  val_loss: 1.9606  val_accuracy: 50.00%
  Epoch [12/600]  loss: 1.9760  accuracy: 41.04%  val_loss: 1.9176  val_accuracy: 50.13%
  Epoch [13/600]  loss: 1.9517  accuracy: 40.84%  val_loss: 1.9230  val_accuracy: 47.63%
  Epoch [14/600]  loss: 1.9283  accuracy: 42.67%  val_loss: 1.9514  val_accuracy: 49.08%
  Epoch [15/600]  loss: 1.9387  accuracy: 42.10%  val_loss: 1.9096  val_accuracy: 49.60%
  Epoch [16/600]  loss: 1.9280  accuracy: 42.07%  val_loss: 1.8987  val_accuracy: 50.00%
  Epoch [17/600]  loss: 1.8881  accuracy: 43.33%  val_loss: 1.9091  val_accuracy: 52.24%
  Epoch [18/600]  loss: 1.8861  accuracy: 44.72%  val_loss: 1.8600  val_accuracy: 52.11%
  Epoch [19/600]  loss: 1.8778  accuracy: 44.79%  val_loss: 1.9200  val_accuracy: 50.92%
  Epoch [20/600]  loss: 1.8500  accuracy: 44.82%  val_loss: 1.8422  val_accuracy: 54.49%
  Epoch [21/600]  loss: 1.8562  accuracy: 46.02%  val_loss: 1.8921  val_accuracy: 53.43%
  Epoch [22/600]  loss: 1.8231  accuracy: 46.02%  val_loss: 1.8479  val_accuracy: 54.49%
  Epoch [23/600]  loss: 1.8488  accuracy: 46.32%  val_loss: 1.8578  val_accuracy: 54.75%
  Epoch [24/600]  loss: 1.8224  accuracy: 47.94%  val_loss: 1.8637  val_accuracy: 53.69%
  Epoch [25/600]  loss: 1.8226  accuracy: 47.01%  val_loss: 1.8595  val_accuracy: 52.24%
  Epoch [26/600]  loss: 1.7952  accuracy: 47.08%  val_loss: 1.8431  val_accuracy: 55.67%
  Epoch [27/600]  loss: 1.7797  accuracy: 48.24%  val_loss: 1.8291  val_accuracy: 55.54%
  Epoch [28/600]  loss: 1.7755  accuracy: 49.20%  val_loss: 1.8470  val_accuracy: 55.94%
  Epoch [29/600]  loss: 1.7943  accuracy: 48.47%  val_loss: 1.8725  val_accuracy: 52.77%
  Epoch [30/600]  loss: 1.7691  accuracy: 49.17%  val_loss: 1.8273  val_accuracy: 53.43%
  Epoch [31/600]  loss: 1.7774  accuracy: 48.04%  val_loss: 1.8677  val_accuracy: 54.62%
  Epoch [32/600]  loss: 1.7689  accuracy: 49.30%  val_loss: 1.7992  val_accuracy: 57.39%
  Epoch [33/600]  loss: 1.7549  accuracy: 49.67%  val_loss: 1.8480  val_accuracy: 56.07%
  Epoch [34/600]  loss: 1.7431  accuracy: 50.56%  val_loss: 1.8134  val_accuracy: 57.52%
  Epoch [35/600]  loss: 1.7357  accuracy: 50.73%  val_loss: 1.8485  val_accuracy: 55.41%
  Epoch [36/600]  loss: 1.7378  accuracy: 51.29%  val_loss: 1.7890  val_accuracy: 57.65%
  Epoch [37/600]  loss: 1.7307  accuracy: 51.63%  val_loss: 1.8157  val_accuracy: 57.12%
  Epoch [38/600]  loss: 1.7298  accuracy: 51.69%  val_loss: 1.8234  val_accuracy: 57.26%
  Epoch [39/600]  loss: 1.6881  accuracy: 52.85%  val_loss: 1.7791  val_accuracy: 57.12%
  Epoch [40/600]  loss: 1.7241  accuracy: 52.09%  val_loss: 1.8815  val_accuracy: 56.07%
  Epoch [41/600]  loss: 1.7147  accuracy: 51.00%  val_loss: 1.7897  val_accuracy: 58.58%
  Epoch [42/600]  loss: 1.6965  accuracy: 53.65%  val_loss: 1.8021  val_accuracy: 56.20%
  Epoch [43/600]  loss: 1.7021  accuracy: 52.82%  val_loss: 1.8232  val_accuracy: 55.54%
  Epoch [44/600]  loss: 1.6897  accuracy: 53.65%  val_loss: 1.7980  val_accuracy: 56.73%
  Epoch [45/600]  loss: 1.6617  accuracy: 54.45%  val_loss: 1.8038  val_accuracy: 58.18%
  Epoch [46/600]  loss: 1.6715  accuracy: 53.58%  val_loss: 1.7993  val_accuracy: 56.86%
  Epoch [47/600]  loss: 1.6663  accuracy: 54.08%  val_loss: 1.7542  val_accuracy: 59.63%
  Epoch [48/600]  loss: 1.6586  accuracy: 54.94%  val_loss: 1.7804  val_accuracy: 58.71%
  Epoch [49/600]  loss: 1.6328  accuracy: 56.47%  val_loss: 1.7971  val_accuracy: 57.39%
  Epoch [50/600]  loss: 1.6598  accuracy: 55.44%  val_loss: 1.7707  val_accuracy: 60.16%
  Epoch [51/600]  loss: 1.6357  accuracy: 56.01%  val_loss: 1.8086  val_accuracy: 58.31%
  Epoch [52/600]  loss: 1.6326  accuracy: 55.34%  val_loss: 1.7840  val_accuracy: 58.05%
  Epoch [53/600]  loss: 1.6361  accuracy: 55.24%  val_loss: 1.8068  val_accuracy: 58.05%
  Epoch [54/600]  loss: 1.6255  accuracy: 56.14%  val_loss: 1.7714  val_accuracy: 58.71%
  Epoch [55/600]  loss: 1.6185  accuracy: 57.60%  val_loss: 1.7766  val_accuracy: 59.63%
  Epoch [56/600]  loss: 1.6181  accuracy: 57.37%  val_loss: 1.7413  val_accuracy: 59.63%
  Epoch [57/600]  loss: 1.6080  accuracy: 57.76%  val_loss: 1.7796  val_accuracy: 58.31%
  Epoch [58/600]  loss: 1.6060  accuracy: 57.83%  val_loss: 1.7459  val_accuracy: 60.69%
  Epoch [59/600]  loss: 1.6104  accuracy: 56.93%  val_loss: 1.7431  val_accuracy: 61.48%
  Epoch [60/600]  loss: 1.5873  accuracy: 57.56%  val_loss: 1.7458  val_accuracy: 60.95%
  Epoch [61/600]  loss: 1.6027  accuracy: 58.46%  val_loss: 1.7506  val_accuracy: 58.44%
  Epoch [62/600]  loss: 1.6042  accuracy: 58.29%  val_loss: 1.7405  val_accuracy: 60.69%
  Epoch [63/600]  loss: 1.5797  accuracy: 58.99%  val_loss: 1.7547  val_accuracy: 60.55%
  Epoch [64/600]  loss: 1.5991  accuracy: 58.29%  val_loss: 1.7568  val_accuracy: 59.23%
  Epoch [65/600]  loss: 1.5796  accuracy: 57.43%  val_loss: 1.7464  val_accuracy: 58.97%
  Epoch [66/600]  loss: 1.5713  accuracy: 59.99%  val_loss: 1.7869  val_accuracy: 58.71%
  Epoch [67/600]  loss: 1.5631  accuracy: 60.88%  val_loss: 1.7435  val_accuracy: 61.48%
  Epoch [68/600]  loss: 1.5892  accuracy: 58.59%  val_loss: 1.7646  val_accuracy: 57.78%
  Epoch [69/600]  loss: 1.5481  accuracy: 60.68%  val_loss: 1.7285  val_accuracy: 63.19%
  Epoch [70/600]  loss: 1.5581  accuracy: 60.32%  val_loss: 1.7451  val_accuracy: 61.74%
  Epoch [71/600]  loss: 1.5543  accuracy: 60.25%  val_loss: 1.7674  val_accuracy: 60.16%
  Epoch [72/600]  loss: 1.5577  accuracy: 59.19%  val_loss: 1.7402  val_accuracy: 59.63%
  Epoch [73/600]  loss: 1.5571  accuracy: 61.31%  val_loss: 1.7276  val_accuracy: 61.74%
  Epoch [74/600]  loss: 1.5361  accuracy: 62.04%  val_loss: 1.7422  val_accuracy: 60.16%
  Epoch [75/600]  loss: 1.5377  accuracy: 60.65%  val_loss: 1.7444  val_accuracy: 59.23%
  Epoch [76/600]  loss: 1.5376  accuracy: 61.11%  val_loss: 1.7412  val_accuracy: 59.89%
  Epoch [77/600]  loss: 1.4879  accuracy: 64.13%  val_loss: 1.7351  val_accuracy: 62.93%
  Epoch [78/600]  loss: 1.5173  accuracy: 62.11%  val_loss: 1.7628  val_accuracy: 60.69%
  Epoch [79/600]  loss: 1.5206  accuracy: 62.08%  val_loss: 1.7465  val_accuracy: 61.74%
  Epoch [80/600]  loss: 1.5250  accuracy: 61.94%  val_loss: 1.7208  val_accuracy: 60.69%
  Epoch [81/600]  loss: 1.4997  accuracy: 63.04%  val_loss: 1.7185  val_accuracy: 61.74%
  Epoch [82/600]  loss: 1.5162  accuracy: 61.55%  val_loss: 1.7453  val_accuracy: 61.35%
  Epoch [83/600]  loss: 1.5129  accuracy: 63.14%  val_loss: 1.7273  val_accuracy: 60.03%
  Epoch [84/600]  loss: 1.5085  accuracy: 62.97%  val_loss: 1.7259  val_accuracy: 59.89%
  Epoch [85/600]  loss: 1.5051  accuracy: 63.57%  val_loss: 1.7309  val_accuracy: 60.55%
  Epoch [86/600]  loss: 1.4753  accuracy: 63.57%  val_loss: 1.7140  val_accuracy: 63.46%
  Epoch [87/600]  loss: 1.4913  accuracy: 63.93%  val_loss: 1.7182  val_accuracy: 63.98%
  Epoch [88/600]  loss: 1.4575  accuracy: 64.80%  val_loss: 1.7329  val_accuracy: 63.46%
  Epoch [89/600]  loss: 1.4675  accuracy: 65.03%  val_loss: 1.7181  val_accuracy: 62.53%
  Epoch [90/600]  loss: 1.4558  accuracy: 65.39%  val_loss: 1.6992  val_accuracy: 62.40%
  Epoch [91/600]  loss: 1.4665  accuracy: 65.79%  val_loss: 1.7202  val_accuracy: 63.32%
  Epoch [92/600]  loss: 1.4811  accuracy: 64.03%  val_loss: 1.7067  val_accuracy: 64.91%
  Epoch [93/600]  loss: 1.4708  accuracy: 65.76%  val_loss: 1.6926  val_accuracy: 63.72%
  Epoch [94/600]  loss: 1.4739  accuracy: 65.36%  val_loss: 1.6964  val_accuracy: 64.51%
  Epoch [95/600]  loss: 1.4605  accuracy: 65.79%  val_loss: 1.7487  val_accuracy: 61.08%
  Epoch [96/600]  loss: 1.4601  accuracy: 66.03%  val_loss: 1.7175  val_accuracy: 62.14%
  Epoch [97/600]  loss: 1.4291  accuracy: 66.99%  val_loss: 1.6840  val_accuracy: 63.46%
  Epoch [98/600]  loss: 1.4493  accuracy: 65.99%  val_loss: 1.6889  val_accuracy: 62.14%
  Epoch [99/600]  loss: 1.4314  accuracy: 66.82%  val_loss: 1.7453  val_accuracy: 63.85%
  Epoch [100/600]  loss: 1.4501  accuracy: 65.23%  val_loss: 1.7394  val_accuracy: 62.53%
  Epoch [101/600]  loss: 1.4342  accuracy: 66.42%  val_loss: 1.7070  val_accuracy: 65.17%
  Epoch [102/600]  loss: 1.4266  accuracy: 66.76%  val_loss: 1.7123  val_accuracy: 63.46%
  Epoch [103/600]  loss: 1.4210  accuracy: 67.72%  val_loss: 1.7125  val_accuracy: 63.06%
  Epoch [104/600]  loss: 1.4254  accuracy: 66.49%  val_loss: 1.6684  val_accuracy: 62.66%
  Epoch [105/600]  loss: 1.4457  accuracy: 67.12%  val_loss: 1.7130  val_accuracy: 63.46%
  Epoch [106/600]  loss: 1.4149  accuracy: 67.92%  val_loss: 1.7230  val_accuracy: 63.85%
  Epoch [107/600]  loss: 1.4176  accuracy: 68.05%  val_loss: 1.7420  val_accuracy: 64.12%
  Epoch [108/600]  loss: 1.4169  accuracy: 68.35%  val_loss: 1.7293  val_accuracy: 62.93%
  Epoch [109/600]  loss: 1.4396  accuracy: 67.25%  val_loss: 1.7232  val_accuracy: 63.19%
  Epoch [110/600]  loss: 1.4130  accuracy: 68.35%  val_loss: 1.6896  val_accuracy: 63.98%
  Epoch [111/600]  loss: 1.3999  accuracy: 68.58%  val_loss: 1.7273  val_accuracy: 62.01%
  Epoch [112/600]  loss: 1.4040  accuracy: 69.11%  val_loss: 1.7313  val_accuracy: 63.59%
  Epoch [113/600]  loss: 1.3856  accuracy: 68.65%  val_loss: 1.6953  val_accuracy: 61.61%
  Epoch [114/600]  loss: 1.3896  accuracy: 68.61%  val_loss: 1.7121  val_accuracy: 63.98%
  Epoch [115/600]  loss: 1.3971  accuracy: 68.12%  val_loss: 1.6920  val_accuracy: 63.19%
  Epoch [116/600]  loss: 1.3754  accuracy: 70.14%  val_loss: 1.6998  val_accuracy: 62.66%
  Epoch [117/600]  loss: 1.3826  accuracy: 68.28%  val_loss: 1.6829  val_accuracy: 63.98%
  Epoch [118/600]  loss: 1.3766  accuracy: 69.77%  val_loss: 1.6915  val_accuracy: 63.98%
  Epoch [119/600]  loss: 1.3883  accuracy: 68.31%  val_loss: 1.6821  val_accuracy: 63.72%
  Epoch [120/600]  loss: 1.3807  accuracy: 69.91%  val_loss: 1.6711  val_accuracy: 65.30%
  Epoch [121/600]  loss: 1.3881  accuracy: 68.85%  val_loss: 1.6976  val_accuracy: 63.98%
  Epoch [122/600]  loss: 1.3782  accuracy: 69.41%  val_loss: 1.6840  val_accuracy: 63.46%
  Epoch [123/600]  loss: 1.3651  accuracy: 70.84%  val_loss: 1.7023  val_accuracy: 64.78%
  Epoch [124/600]  loss: 1.3864  accuracy: 69.74%  val_loss: 1.6899  val_accuracy: 62.80%
  Epoch [125/600]  loss: 1.3692  accuracy: 69.77%  val_loss: 1.6804  val_accuracy: 64.38%
  Epoch [126/600]  loss: 1.3815  accuracy: 70.31%  val_loss: 1.6836  val_accuracy: 64.91%
  Epoch [127/600]  loss: 1.3535  accuracy: 70.64%  val_loss: 1.6731  val_accuracy: 63.46%
  Epoch [128/600]  loss: 1.3624  accuracy: 70.50%  val_loss: 1.6886  val_accuracy: 65.17%
  Epoch [129/600]  loss: 1.3715  accuracy: 69.77%  val_loss: 1.6672  val_accuracy: 65.17%
  Epoch [130/600]  loss: 1.3625  accuracy: 71.23%  val_loss: 1.7091  val_accuracy: 63.19%
  Epoch [131/600]  loss: 1.3455  accuracy: 71.37%  val_loss: 1.6907  val_accuracy: 63.32%
  Epoch [132/600]  loss: 1.3615  accuracy: 70.07%  val_loss: 1.6976  val_accuracy: 63.19%
  Epoch [133/600]  loss: 1.3670  accuracy: 69.84%  val_loss: 1.6659  val_accuracy: 64.38%
  Epoch [134/600]  loss: 1.3456  accuracy: 70.47%  val_loss: 1.6690  val_accuracy: 65.30%
  Epoch [135/600]  loss: 1.3383  accuracy: 71.50%  val_loss: 1.6753  val_accuracy: 63.72%
  Epoch [136/600]  loss: 1.3493  accuracy: 71.63%  val_loss: 1.6760  val_accuracy: 64.51%
  Epoch [137/600]  loss: 1.3410  accuracy: 70.37%  val_loss: 1.6948  val_accuracy: 63.32%
  Epoch [138/600]  loss: 1.3210  accuracy: 72.20%  val_loss: 1.6962  val_accuracy: 64.12%
  Epoch [139/600]  loss: 1.3528  accuracy: 71.47%  val_loss: 1.6752  val_accuracy: 62.40%
  Epoch [140/600]  loss: 1.3454  accuracy: 71.13%  val_loss: 1.6783  val_accuracy: 63.06%
  Epoch [141/600]  loss: 1.3305  accuracy: 72.73%  val_loss: 1.6689  val_accuracy: 63.06%
  Epoch [142/600]  loss: 1.3253  accuracy: 71.57%  val_loss: 1.6776  val_accuracy: 66.09%
  Epoch [143/600]  loss: 1.3128  accuracy: 73.62%  val_loss: 1.6855  val_accuracy: 65.70%
  Epoch [144/600]  loss: 1.3019  accuracy: 72.89%  val_loss: 1.6851  val_accuracy: 63.98%
  Epoch [145/600]  loss: 1.3268  accuracy: 71.30%  val_loss: 1.6893  val_accuracy: 65.17%
  Epoch [146/600]  loss: 1.3061  accuracy: 73.42%  val_loss: 1.6739  val_accuracy: 64.25%
  Epoch [147/600]  loss: 1.3135  accuracy: 72.89%  val_loss: 1.6593  val_accuracy: 64.51%
  Epoch [148/600]  loss: 1.2943  accuracy: 73.16%  val_loss: 1.6858  val_accuracy: 65.44%
  Epoch [149/600]  loss: 1.2783  accuracy: 74.02%  val_loss: 1.6792  val_accuracy: 66.09%
  Epoch [150/600]  loss: 1.2874  accuracy: 72.56%  val_loss: 1.6912  val_accuracy: 63.46%
  Epoch [151/600]  loss: 1.3149  accuracy: 72.73%  val_loss: 1.6565  val_accuracy: 64.38%
  Epoch [152/600]  loss: 1.2989  accuracy: 73.49%  val_loss: 1.6710  val_accuracy: 64.91%
  Epoch [153/600]  loss: 1.3002  accuracy: 72.63%  val_loss: 1.6603  val_accuracy: 64.64%
  Epoch [154/600]  loss: 1.2890  accuracy: 73.49%  val_loss: 1.6824  val_accuracy: 63.32%
  Epoch [155/600]  loss: 1.2934  accuracy: 73.16%  val_loss: 1.6727  val_accuracy: 63.85%
  Epoch [156/600]  loss: 1.2833  accuracy: 73.82%  val_loss: 1.7146  val_accuracy: 63.72%
  Epoch [157/600]  loss: 1.2905  accuracy: 73.09%  val_loss: 1.6752  val_accuracy: 65.57%
  Epoch [158/600]  loss: 1.2647  accuracy: 72.76%  val_loss: 1.7257  val_accuracy: 61.61%
  Epoch [159/600]  loss: 1.2580  accuracy: 74.85%  val_loss: 1.6796  val_accuracy: 67.02%
  Epoch [160/600]  loss: 1.2671  accuracy: 74.39%  val_loss: 1.6622  val_accuracy: 65.96%
  Epoch [161/600]  loss: 1.2960  accuracy: 72.66%  val_loss: 1.7043  val_accuracy: 64.91%
  Epoch [162/600]  loss: 1.2500  accuracy: 75.71%  val_loss: 1.6851  val_accuracy: 65.04%
  Epoch [163/600]  loss: 1.2680  accuracy: 74.68%  val_loss: 1.6816  val_accuracy: 64.91%
  Epoch [164/600]  loss: 1.2941  accuracy: 73.62%  val_loss: 1.6949  val_accuracy: 66.09%
  Epoch [165/600]  loss: 1.2878  accuracy: 72.86%  val_loss: 1.6438  val_accuracy: 65.17%
  Epoch [166/600]  loss: 1.2642  accuracy: 74.45%  val_loss: 1.6632  val_accuracy: 65.30%
  Epoch [167/600]  loss: 1.2943  accuracy: 72.66%  val_loss: 1.6608  val_accuracy: 63.32%
  Epoch [168/600]  loss: 1.2518  accuracy: 75.32%  val_loss: 1.6696  val_accuracy: 66.62%
  Epoch [169/600]  loss: 1.2473  accuracy: 75.28%  val_loss: 1.6548  val_accuracy: 66.23%
  Epoch [170/600]  loss: 1.2524  accuracy: 75.28%  val_loss: 1.6802  val_accuracy: 64.25%
  Epoch [171/600]  loss: 1.2518  accuracy: 75.28%  val_loss: 1.6476  val_accuracy: 66.23%
  Epoch [172/600]  loss: 1.2384  accuracy: 75.32%  val_loss: 1.6949  val_accuracy: 63.46%
  Epoch [173/600]  loss: 1.2435  accuracy: 75.15%  val_loss: 1.6743  val_accuracy: 63.72%
  Epoch [174/600]  loss: 1.2538  accuracy: 74.15%  val_loss: 1.6522  val_accuracy: 67.02%
  Epoch [175/600]  loss: 1.2441  accuracy: 75.68%  val_loss: 1.6434  val_accuracy: 66.23%
  Epoch [176/600]  loss: 1.2566  accuracy: 74.62%  val_loss: 1.7048  val_accuracy: 63.32%
  Epoch [177/600]  loss: 1.2149  accuracy: 76.74%  val_loss: 1.6844  val_accuracy: 64.25%
  Epoch [178/600]  loss: 1.2229  accuracy: 75.98%  val_loss: 1.6531  val_accuracy: 65.83%
  Epoch [179/600]  loss: 1.2328  accuracy: 76.84%  val_loss: 1.6748  val_accuracy: 65.96%
  Epoch [180/600]  loss: 1.2127  accuracy: 76.68%  val_loss: 1.6732  val_accuracy: 62.93%
  Epoch [181/600]  loss: 1.2185  accuracy: 76.11%  val_loss: 1.6680  val_accuracy: 65.44%
  Epoch [182/600]  loss: 1.2117  accuracy: 77.01%  val_loss: 1.6485  val_accuracy: 64.51%
  Epoch [183/600]  loss: 1.2215  accuracy: 77.04%  val_loss: 1.6701  val_accuracy: 64.64%
  Epoch [184/600]  loss: 1.2218  accuracy: 77.17%  val_loss: 1.6728  val_accuracy: 64.38%
  Epoch [185/600]  loss: 1.2097  accuracy: 76.97%  val_loss: 1.6602  val_accuracy: 66.49%
  Epoch [186/600]  loss: 1.2091  accuracy: 77.34%  val_loss: 1.6689  val_accuracy: 65.44%
  Epoch [187/600]  loss: 1.2132  accuracy: 75.51%  val_loss: 1.6560  val_accuracy: 64.25%
  Epoch [188/600]  loss: 1.2002  accuracy: 77.07%  val_loss: 1.6812  val_accuracy: 64.12%
  Epoch [189/600]  loss: 1.2082  accuracy: 76.68%  val_loss: 1.6608  val_accuracy: 63.85%
  Epoch [190/600]  loss: 1.2302  accuracy: 75.41%  val_loss: 1.6686  val_accuracy: 64.51%
  Epoch [191/600]  loss: 1.2035  accuracy: 76.48%  val_loss: 1.6762  val_accuracy: 64.25%
  Epoch [192/600]  loss: 1.1967  accuracy: 77.21%  val_loss: 1.6654  val_accuracy: 64.91%
  Epoch [193/600]  loss: 1.2021  accuracy: 77.60%  val_loss: 1.6277  val_accuracy: 65.70%
  Epoch [194/600]  loss: 1.1574  accuracy: 78.90%  val_loss: 1.6447  val_accuracy: 65.04%
  Epoch [195/600]  loss: 1.2178  accuracy: 77.21%  val_loss: 1.6530  val_accuracy: 65.30%
  Epoch [196/600]  loss: 1.1960  accuracy: 77.97%  val_loss: 1.6516  val_accuracy: 66.23%
  Epoch [197/600]  loss: 1.2182  accuracy: 77.14%  val_loss: 1.6397  val_accuracy: 65.70%
  Epoch [198/600]  loss: 1.1722  accuracy: 78.14%  val_loss: 1.6514  val_accuracy: 65.44%
  Epoch [199/600]  loss: 1.1925  accuracy: 78.27%  val_loss: 1.6664  val_accuracy: 66.49%
  Epoch [200/600]  loss: 1.1842  accuracy: 77.77%  val_loss: 1.6650  val_accuracy: 66.09%
  Epoch [201/600]  loss: 1.1965  accuracy: 77.74%  val_loss: 1.6619  val_accuracy: 64.64%
  Epoch [202/600]  loss: 1.1851  accuracy: 78.57%  val_loss: 1.6426  val_accuracy: 65.70%
  Epoch [203/600]  loss: 1.1817  accuracy: 78.30%  val_loss: 1.6572  val_accuracy: 65.17%
  Epoch [204/600]  loss: 1.1750  accuracy: 78.14%  val_loss: 1.6631  val_accuracy: 66.09%
  Epoch [205/600]  loss: 1.1899  accuracy: 77.80%  val_loss: 1.6668  val_accuracy: 64.64%
  Epoch [206/600]  loss: 1.1921  accuracy: 77.04%  val_loss: 1.6690  val_accuracy: 65.04%
  Epoch [207/600]  loss: 1.1838  accuracy: 78.57%  val_loss: 1.6730  val_accuracy: 64.12%
  Epoch [208/600]  loss: 1.1619  accuracy: 79.23%  val_loss: 1.6526  val_accuracy: 66.36%
  Epoch [209/600]  loss: 1.1768  accuracy: 78.47%  val_loss: 1.6816  val_accuracy: 65.83%
  Epoch [210/600]  loss: 1.1621  accuracy: 78.27%  val_loss: 1.6746  val_accuracy: 64.12%
  Epoch [211/600]  loss: 1.1840  accuracy: 77.80%  val_loss: 1.6885  val_accuracy: 64.78%
  Epoch [212/600]  loss: 1.1729  accuracy: 78.80%  val_loss: 1.6553  val_accuracy: 65.04%
  Epoch [213/600]  loss: 1.1237  accuracy: 80.46%  val_loss: 1.6929  val_accuracy: 65.17%
  Epoch [214/600]  loss: 1.1411  accuracy: 80.23%  val_loss: 1.6874  val_accuracy: 65.30%
  Epoch [215/600]  loss: 1.1566  accuracy: 78.73%  val_loss: 1.6412  val_accuracy: 65.57%
  Epoch [216/600]  loss: 1.1684  accuracy: 78.96%  val_loss: 1.6503  val_accuracy: 65.57%
  Epoch [217/600]  loss: 1.1420  accuracy: 80.42%  val_loss: 1.6445  val_accuracy: 65.57%
  Epoch [218/600]  loss: 1.1418  accuracy: 80.36%  val_loss: 1.6553  val_accuracy: 65.70%
  Epoch [219/600]  loss: 1.1184  accuracy: 80.39%  val_loss: 1.6567  val_accuracy: 65.83%
  Epoch [220/600]  loss: 1.1593  accuracy: 79.06%  val_loss: 1.6446  val_accuracy: 66.36%
  Epoch [221/600]  loss: 1.1460  accuracy: 79.66%  val_loss: 1.6459  val_accuracy: 65.30%
  Epoch [222/600]  loss: 1.1556  accuracy: 79.73%  val_loss: 1.6568  val_accuracy: 65.96%
  Epoch [223/600]  loss: 1.1156  accuracy: 81.52%  val_loss: 1.6611  val_accuracy: 64.25%
  Epoch [224/600]  loss: 1.1311  accuracy: 80.29%  val_loss: 1.6942  val_accuracy: 63.98%
  Epoch [225/600]  loss: 1.1485  accuracy: 78.96%  val_loss: 1.6607  val_accuracy: 65.30%
  Epoch [226/600]  loss: 1.1224  accuracy: 80.89%  val_loss: 1.6391  val_accuracy: 66.49%
  Epoch [227/600]  loss: 1.1317  accuracy: 78.93%  val_loss: 1.6616  val_accuracy: 66.89%
  Epoch [228/600]  loss: 1.1137  accuracy: 81.25%  val_loss: 1.6581  val_accuracy: 64.91%
  Epoch [229/600]  loss: 1.1265  accuracy: 80.72%  val_loss: 1.6715  val_accuracy: 65.57%
  Epoch [230/600]  loss: 1.1442  accuracy: 79.23%  val_loss: 1.6655  val_accuracy: 65.30%
  Epoch [231/600]  loss: 1.1059  accuracy: 80.56%  val_loss: 1.6489  val_accuracy: 65.96%
  Epoch [232/600]  loss: 1.1339  accuracy: 80.39%  val_loss: 1.6576  val_accuracy: 65.83%
  Epoch [233/600]  loss: 1.1117  accuracy: 81.32%  val_loss: 1.6387  val_accuracy: 66.62%
  Epoch [234/600]  loss: 1.1395  accuracy: 79.69%  val_loss: 1.6406  val_accuracy: 65.57%
  Epoch [235/600]  loss: 1.1454  accuracy: 79.60%  val_loss: 1.6640  val_accuracy: 65.04%
  Epoch [236/600]  loss: 1.1559  accuracy: 80.23%  val_loss: 1.6515  val_accuracy: 64.38%
  Epoch [237/600]  loss: 1.1105  accuracy: 81.55%  val_loss: 1.6474  val_accuracy: 65.17%
  Epoch [238/600]  loss: 1.1190  accuracy: 81.19%  val_loss: 1.6613  val_accuracy: 65.70%
  Epoch [239/600]  loss: 1.1151  accuracy: 81.09%  val_loss: 1.6585  val_accuracy: 63.98%
  Epoch [240/600]  loss: 1.1120  accuracy: 81.12%  val_loss: 1.6350  val_accuracy: 65.44%
  Epoch [241/600]  loss: 1.1237  accuracy: 80.42%  val_loss: 1.6609  val_accuracy: 65.17%
  Epoch [242/600]  loss: 1.1233  accuracy: 80.46%  val_loss: 1.6383  val_accuracy: 65.57%
  Epoch [243/600]  loss: 1.1118  accuracy: 81.65%  val_loss: 1.6490  val_accuracy: 65.44%
  Epoch [244/600]  loss: 1.1226  accuracy: 81.59%  val_loss: 1.6817  val_accuracy: 65.30%
  Epoch [245/600]  loss: 1.1062  accuracy: 81.98%  val_loss: 1.6314  val_accuracy: 65.96%
  Epoch [246/600]  loss: 1.0867  accuracy: 82.58%  val_loss: 1.6336  val_accuracy: 66.23%
  Epoch [247/600]  loss: 1.1331  accuracy: 80.62%  val_loss: 1.6635  val_accuracy: 65.30%
  Epoch [248/600]  loss: 1.1078  accuracy: 81.12%  val_loss: 1.6610  val_accuracy: 65.30%
  Epoch [249/600]  loss: 1.1034  accuracy: 81.49%  val_loss: 1.6470  val_accuracy: 67.02%
  Epoch [250/600]  loss: 1.1043  accuracy: 81.88%  val_loss: 1.6399  val_accuracy: 66.62%
  Epoch [251/600]  loss: 1.1190  accuracy: 80.46%  val_loss: 1.6642  val_accuracy: 66.23%
  Epoch [252/600]  loss: 1.0869  accuracy: 82.18%  val_loss: 1.6580  val_accuracy: 64.78%
  Epoch [253/600]  loss: 1.0906  accuracy: 82.18%  val_loss: 1.6212  val_accuracy: 67.15%
  Epoch [254/600]  loss: 1.1022  accuracy: 81.62%  val_loss: 1.6384  val_accuracy: 65.83%
  Epoch [255/600]  loss: 1.0908  accuracy: 82.32%  val_loss: 1.6508  val_accuracy: 64.91%
  Epoch [256/600]  loss: 1.0986  accuracy: 81.59%  val_loss: 1.6653  val_accuracy: 64.38%
  Epoch [257/600]  loss: 1.0867  accuracy: 81.49%  val_loss: 1.6541  val_accuracy: 65.30%
  Epoch [258/600]  loss: 1.0849  accuracy: 82.22%  val_loss: 1.6471  val_accuracy: 66.09%
  Epoch [259/600]  loss: 1.0644  accuracy: 83.81%  val_loss: 1.6669  val_accuracy: 65.44%
  Epoch [260/600]  loss: 1.0994  accuracy: 81.85%  val_loss: 1.6889  val_accuracy: 64.38%
  Epoch [261/600]  loss: 1.0801  accuracy: 82.45%  val_loss: 1.6411  val_accuracy: 65.70%
  Epoch [262/600]  loss: 1.0740  accuracy: 82.65%  val_loss: 1.6434  val_accuracy: 65.30%
  Epoch [263/600]  loss: 1.0817  accuracy: 82.71%  val_loss: 1.6667  val_accuracy: 66.36%
  Epoch [264/600]  loss: 1.0764  accuracy: 83.05%  val_loss: 1.6347  val_accuracy: 64.38%
  Epoch [265/600]  loss: 1.0562  accuracy: 82.81%  val_loss: 1.6503  val_accuracy: 65.30%
  Epoch [266/600]  loss: 1.0671  accuracy: 83.91%  val_loss: 1.6437  val_accuracy: 65.44%
  Epoch [267/600]  loss: 1.0665  accuracy: 82.55%  val_loss: 1.6315  val_accuracy: 66.49%
  Epoch [268/600]  loss: 1.0727  accuracy: 82.18%  val_loss: 1.6578  val_accuracy: 63.59%
  Epoch [269/600]  loss: 1.0750  accuracy: 83.08%  val_loss: 1.6355  val_accuracy: 65.96%
  Epoch [270/600]  loss: 1.0854  accuracy: 82.61%  val_loss: 1.6732  val_accuracy: 65.17%
  Epoch [271/600]  loss: 1.0834  accuracy: 82.38%  val_loss: 1.6568  val_accuracy: 66.09%
  Epoch [272/600]  loss: 1.0581  accuracy: 83.54%  val_loss: 1.6716  val_accuracy: 63.98%
  Epoch [273/600]  loss: 1.0636  accuracy: 83.31%  val_loss: 1.6827  val_accuracy: 63.98%
  Epoch [274/600]  loss: 1.0717  accuracy: 83.91%  val_loss: 1.6677  val_accuracy: 64.25%
  Epoch [275/600]  loss: 1.0449  accuracy: 84.44%  val_loss: 1.6342  val_accuracy: 64.25%
  Epoch [276/600]  loss: 1.0626  accuracy: 83.84%  val_loss: 1.6486  val_accuracy: 65.70%
  Epoch [277/600]  loss: 1.0666  accuracy: 82.65%  val_loss: 1.6564  val_accuracy: 64.51%
  Epoch [278/600]  loss: 1.0633  accuracy: 84.07%  val_loss: 1.6508  val_accuracy: 66.36%
  Epoch [279/600]  loss: 1.0492  accuracy: 84.04%  val_loss: 1.6611  val_accuracy: 66.49%
  Epoch [280/600]  loss: 1.0635  accuracy: 83.08%  val_loss: 1.6736  val_accuracy: 65.17%
  Epoch [281/600]  loss: 1.0868  accuracy: 81.52%  val_loss: 1.6628  val_accuracy: 64.51%
  Epoch [282/600]  loss: 1.0662  accuracy: 82.98%  val_loss: 1.6376  val_accuracy: 66.23%
  Epoch [283/600]  loss: 1.0521  accuracy: 84.04%  val_loss: 1.6508  val_accuracy: 63.59%
  Epoch [284/600]  loss: 1.0460  accuracy: 84.07%  val_loss: 1.6601  val_accuracy: 64.78%
  Epoch [285/600]  loss: 1.0597  accuracy: 83.44%  val_loss: 1.6629  val_accuracy: 65.30%
  Epoch [286/600]  loss: 1.0578  accuracy: 83.54%  val_loss: 1.6275  val_accuracy: 66.36%
  Epoch [287/600]  loss: 1.0633  accuracy: 83.78%  val_loss: 1.6463  val_accuracy: 65.17%
  Epoch [288/600]  loss: 1.0520  accuracy: 84.17%  val_loss: 1.6559  val_accuracy: 66.23%
  Epoch [289/600]  loss: 1.0411  accuracy: 83.94%  val_loss: 1.6696  val_accuracy: 64.91%
  Epoch [290/600]  loss: 1.0449  accuracy: 84.74%  val_loss: 1.6551  val_accuracy: 63.32%
  Epoch [291/600]  loss: 1.0635  accuracy: 83.51%  val_loss: 1.6755  val_accuracy: 65.17%
  Epoch [292/600]  loss: 1.0534  accuracy: 84.24%  val_loss: 1.6447  val_accuracy: 64.64%
  Epoch [293/600]  loss: 1.0482  accuracy: 83.71%  val_loss: 1.6481  val_accuracy: 66.09%
  Epoch [294/600]  loss: 1.0451  accuracy: 83.38%  val_loss: 1.6671  val_accuracy: 64.25%
  Epoch [295/600]  loss: 1.0394  accuracy: 84.70%  val_loss: 1.6440  val_accuracy: 65.17%
  Epoch [296/600]  loss: 1.0466  accuracy: 84.04%  val_loss: 1.6460  val_accuracy: 66.36%
  Epoch [297/600]  loss: 1.0208  accuracy: 84.67%  val_loss: 1.6664  val_accuracy: 66.09%
  Epoch [298/600]  loss: 1.0284  accuracy: 85.10%  val_loss: 1.6591  val_accuracy: 64.91%
  Epoch [299/600]  loss: 1.0417  accuracy: 84.07%  val_loss: 1.6632  val_accuracy: 64.64%
  Epoch [300/600]  loss: 1.0478  accuracy: 83.88%  val_loss: 1.6286  val_accuracy: 66.62%
  Epoch [301/600]  loss: 1.0277  accuracy: 84.44%  val_loss: 1.6691  val_accuracy: 65.30%
  Epoch [302/600]  loss: 1.0473  accuracy: 84.64%  val_loss: 1.6592  val_accuracy: 65.30%
  Epoch [303/600]  loss: 1.0285  accuracy: 85.57%  val_loss: 1.6409  val_accuracy: 66.49%
  Epoch [304/600]  loss: 1.0471  accuracy: 84.64%  val_loss: 1.6728  val_accuracy: 64.25%
  Epoch [305/600]  loss: 1.0259  accuracy: 85.57%  val_loss: 1.6907  val_accuracy: 64.12%
  Epoch [306/600]  loss: 1.0031  accuracy: 86.40%  val_loss: 1.6545  val_accuracy: 66.23%
  Epoch [307/600]  loss: 1.0422  accuracy: 84.37%  val_loss: 1.6546  val_accuracy: 65.04%
  Epoch [308/600]  loss: 1.0375  accuracy: 85.43%  val_loss: 1.6459  val_accuracy: 66.23%
  Epoch [309/600]  loss: 1.0323  accuracy: 85.37%  val_loss: 1.6530  val_accuracy: 66.49%
  Epoch [310/600]  loss: 1.0150  accuracy: 84.61%  val_loss: 1.6627  val_accuracy: 65.70%
  Epoch [311/600]  loss: 1.0122  accuracy: 84.94%  val_loss: 1.6963  val_accuracy: 63.32%
  Epoch [312/600]  loss: 1.0197  accuracy: 86.03%  val_loss: 1.6416  val_accuracy: 67.15%
  Epoch [313/600]  loss: 1.0115  accuracy: 86.16%  val_loss: 1.6675  val_accuracy: 64.38%
  Epoch [314/600]  loss: 1.0136  accuracy: 86.33%  val_loss: 1.6518  val_accuracy: 65.44%
  Epoch [315/600]  loss: 1.0317  accuracy: 84.37%  val_loss: 1.6808  val_accuracy: 65.17%
  Epoch [316/600]  loss: 1.0264  accuracy: 84.54%  val_loss: 1.6726  val_accuracy: 65.30%
  Epoch [317/600]  loss: 1.0226  accuracy: 85.47%  val_loss: 1.6601  val_accuracy: 63.85%
  Epoch [318/600]  loss: 1.0082  accuracy: 85.04%  val_loss: 1.6549  val_accuracy: 65.96%
  Epoch [319/600]  loss: 1.0458  accuracy: 84.57%  val_loss: 1.6673  val_accuracy: 64.51%
  Epoch [320/600]  loss: 1.0248  accuracy: 85.67%  val_loss: 1.6912  val_accuracy: 64.38%
  Epoch [321/600]  loss: 1.0118  accuracy: 85.70%  val_loss: 1.6838  val_accuracy: 64.78%
  Epoch [322/600]  loss: 1.0397  accuracy: 84.70%  val_loss: 1.6644  val_accuracy: 65.96%
  Epoch [323/600]  loss: 1.0249  accuracy: 85.24%  val_loss: 1.6446  val_accuracy: 65.96%
  Epoch [324/600]  loss: 1.0021  accuracy: 86.50%  val_loss: 1.6669  val_accuracy: 64.25%
  Epoch [325/600]  loss: 0.9957  accuracy: 86.63%  val_loss: 1.6714  val_accuracy: 65.57%
  Epoch [326/600]  loss: 1.0244  accuracy: 85.60%  val_loss: 1.6815  val_accuracy: 63.85%
  Epoch [327/600]  loss: 1.0157  accuracy: 86.00%  val_loss: 1.6628  val_accuracy: 63.59%
  Epoch [328/600]  loss: 1.0046  accuracy: 85.87%  val_loss: 1.6481  val_accuracy: 65.44%
  Early stopping triggered after 328 epochs (no improvement for 75 epochs).

  Fold 1 result: val_loss: 1.6212  val_accuracy: 67.15%

Fold [2 / 5]
----------------------------------------------------------------------
  Epoch [1/600]  loss: 2.9842  accuracy: 19.26%  val_loss: 2.2163  val_accuracy: 39.21%
  Epoch [2/600]  loss: 2.3262  accuracy: 29.53%  val_loss: 2.1906  val_accuracy: 39.74%
  Epoch [3/600]  loss: 2.2138  accuracy: 30.66%  val_loss: 2.1508  val_accuracy: 42.12%
  Epoch [4/600]  loss: 2.1641  accuracy: 31.52%  val_loss: 2.0876  val_accuracy: 40.93%
  Epoch [5/600]  loss: 2.1284  accuracy: 33.21%  val_loss: 2.0369  val_accuracy: 43.31%
  Epoch [6/600]  loss: 2.0830  accuracy: 36.03%  val_loss: 2.0353  val_accuracy: 44.11%
  Epoch [7/600]  loss: 2.0537  accuracy: 36.69%  val_loss: 2.0615  val_accuracy: 42.65%
  Epoch [8/600]  loss: 2.0205  accuracy: 37.65%  val_loss: 2.0476  val_accuracy: 45.56%
  Epoch [9/600]  loss: 2.0084  accuracy: 39.44%  val_loss: 1.9877  val_accuracy: 46.49%
  Epoch [10/600]  loss: 1.9726  accuracy: 40.74%  val_loss: 1.9994  val_accuracy: 44.37%
  Epoch [11/600]  loss: 1.9713  accuracy: 39.71%  val_loss: 1.9966  val_accuracy: 45.96%
  Epoch [12/600]  loss: 1.9354  accuracy: 41.73%  val_loss: 1.9344  val_accuracy: 49.80%
  Epoch [13/600]  loss: 1.9306  accuracy: 41.83%  val_loss: 1.9323  val_accuracy: 47.68%
  Epoch [14/600]  loss: 1.8981  accuracy: 43.65%  val_loss: 1.9042  val_accuracy: 49.01%
  Epoch [15/600]  loss: 1.9046  accuracy: 42.86%  val_loss: 1.9297  val_accuracy: 47.42%
  Epoch [16/600]  loss: 1.8884  accuracy: 44.45%  val_loss: 1.9171  val_accuracy: 50.07%
  Epoch [17/600]  loss: 1.8502  accuracy: 44.98%  val_loss: 1.9421  val_accuracy: 46.89%
  Epoch [18/600]  loss: 1.8767  accuracy: 45.41%  val_loss: 1.9392  val_accuracy: 50.20%
  Epoch [19/600]  loss: 1.8362  accuracy: 46.40%  val_loss: 1.8726  val_accuracy: 51.92%
  Epoch [20/600]  loss: 1.8185  accuracy: 48.46%  val_loss: 1.8956  val_accuracy: 46.62%
  Epoch [21/600]  loss: 1.8144  accuracy: 48.29%  val_loss: 1.8775  val_accuracy: 49.80%
  Epoch [22/600]  loss: 1.8011  accuracy: 47.63%  val_loss: 1.9298  val_accuracy: 48.08%
  Epoch [23/600]  loss: 1.8078  accuracy: 47.27%  val_loss: 1.8698  val_accuracy: 50.73%
  Epoch [24/600]  loss: 1.7963  accuracy: 49.32%  val_loss: 1.8802  val_accuracy: 52.32%
  Epoch [25/600]  loss: 1.7812  accuracy: 48.39%  val_loss: 1.8504  val_accuracy: 53.11%
  Epoch [26/600]  loss: 1.7695  accuracy: 51.18%  val_loss: 1.8399  val_accuracy: 55.76%
  Epoch [27/600]  loss: 1.7726  accuracy: 49.52%  val_loss: 1.8684  val_accuracy: 50.86%
  Epoch [28/600]  loss: 1.7684  accuracy: 49.82%  val_loss: 1.9222  val_accuracy: 50.07%
  Epoch [29/600]  loss: 1.7373  accuracy: 51.34%  val_loss: 1.8057  val_accuracy: 58.28%
  Epoch [30/600]  loss: 1.7478  accuracy: 51.24%  val_loss: 1.8480  val_accuracy: 56.82%
  Epoch [31/600]  loss: 1.7410  accuracy: 50.75%  val_loss: 1.8423  val_accuracy: 55.63%
  Epoch [32/600]  loss: 1.7375  accuracy: 52.60%  val_loss: 1.8448  val_accuracy: 53.77%
  Epoch [33/600]  loss: 1.7066  accuracy: 51.94%  val_loss: 1.8035  val_accuracy: 57.75%
  Epoch [34/600]  loss: 1.6968  accuracy: 54.03%  val_loss: 1.8314  val_accuracy: 55.76%
  Epoch [35/600]  loss: 1.7137  accuracy: 52.60%  val_loss: 1.8445  val_accuracy: 54.83%
  Epoch [36/600]  loss: 1.6877  accuracy: 54.92%  val_loss: 1.8624  val_accuracy: 54.70%
  Epoch [37/600]  loss: 1.6916  accuracy: 53.63%  val_loss: 1.8176  val_accuracy: 58.54%
  Epoch [38/600]  loss: 1.6654  accuracy: 54.46%  val_loss: 1.8242  val_accuracy: 57.48%
  Epoch [39/600]  loss: 1.6742  accuracy: 55.59%  val_loss: 1.8437  val_accuracy: 55.89%
  Epoch [40/600]  loss: 1.6592  accuracy: 55.35%  val_loss: 1.8183  val_accuracy: 58.81%
  Epoch [41/600]  loss: 1.6638  accuracy: 54.99%  val_loss: 1.8113  val_accuracy: 56.95%
  Epoch [42/600]  loss: 1.6612  accuracy: 54.89%  val_loss: 1.8091  val_accuracy: 58.68%
  Epoch [43/600]  loss: 1.6522  accuracy: 55.55%  val_loss: 1.8187  val_accuracy: 59.21%
  Epoch [44/600]  loss: 1.6533  accuracy: 55.98%  val_loss: 1.8047  val_accuracy: 58.41%
  Epoch [45/600]  loss: 1.6325  accuracy: 56.45%  val_loss: 1.7751  val_accuracy: 58.28%
  Epoch [46/600]  loss: 1.6334  accuracy: 56.65%  val_loss: 1.7902  val_accuracy: 58.28%
  Epoch [47/600]  loss: 1.6257  accuracy: 57.11%  val_loss: 1.7966  val_accuracy: 56.69%
  Epoch [48/600]  loss: 1.6105  accuracy: 57.57%  val_loss: 1.7830  val_accuracy: 60.00%
  Epoch [49/600]  loss: 1.6235  accuracy: 57.04%  val_loss: 1.7876  val_accuracy: 60.40%
  Epoch [50/600]  loss: 1.5991  accuracy: 58.53%  val_loss: 1.7768  val_accuracy: 59.21%
  Epoch [51/600]  loss: 1.5973  accuracy: 57.57%  val_loss: 1.7674  val_accuracy: 60.40%
  Epoch [52/600]  loss: 1.6045  accuracy: 57.41%  val_loss: 1.7781  val_accuracy: 60.66%
  Epoch [53/600]  loss: 1.5945  accuracy: 57.74%  val_loss: 1.7721  val_accuracy: 60.93%
  Epoch [54/600]  loss: 1.5901  accuracy: 58.53%  val_loss: 1.7655  val_accuracy: 63.84%
  Epoch [55/600]  loss: 1.5984  accuracy: 58.44%  val_loss: 1.7422  val_accuracy: 59.87%
  Epoch [56/600]  loss: 1.5918  accuracy: 57.74%  val_loss: 1.8101  val_accuracy: 58.15%
  Epoch [57/600]  loss: 1.5730  accuracy: 58.40%  val_loss: 1.7403  val_accuracy: 61.46%
  Epoch [58/600]  loss: 1.5764  accuracy: 59.46%  val_loss: 1.7596  val_accuracy: 62.12%
  Epoch [59/600]  loss: 1.5704  accuracy: 59.26%  val_loss: 1.7279  val_accuracy: 62.38%
  Epoch [60/600]  loss: 1.5600  accuracy: 60.03%  val_loss: 1.7632  val_accuracy: 60.93%
  Epoch [61/600]  loss: 1.5487  accuracy: 60.99%  val_loss: 1.7433  val_accuracy: 61.32%
  Epoch [62/600]  loss: 1.5516  accuracy: 59.53%  val_loss: 1.7572  val_accuracy: 59.87%
  Epoch [63/600]  loss: 1.5565  accuracy: 61.62%  val_loss: 1.7213  val_accuracy: 62.25%
  Epoch [64/600]  loss: 1.5420  accuracy: 60.46%  val_loss: 1.7432  val_accuracy: 61.72%
  Epoch [65/600]  loss: 1.5455  accuracy: 61.62%  val_loss: 1.7290  val_accuracy: 61.59%
  Epoch [66/600]  loss: 1.5415  accuracy: 60.72%  val_loss: 1.7464  val_accuracy: 60.53%
  Epoch [67/600]  loss: 1.5188  accuracy: 63.14%  val_loss: 1.7113  val_accuracy: 63.44%
  Epoch [68/600]  loss: 1.5361  accuracy: 61.98%  val_loss: 1.7275  val_accuracy: 60.66%
  Epoch [69/600]  loss: 1.5087  accuracy: 63.34%  val_loss: 1.7004  val_accuracy: 60.79%
  Epoch [70/600]  loss: 1.5194  accuracy: 62.74%  val_loss: 1.7411  val_accuracy: 60.13%
  Epoch [71/600]  loss: 1.5068  accuracy: 63.47%  val_loss: 1.7296  val_accuracy: 64.50%
  Epoch [72/600]  loss: 1.5036  accuracy: 62.98%  val_loss: 1.7350  val_accuracy: 61.59%
  Epoch [73/600]  loss: 1.5159  accuracy: 62.81%  val_loss: 1.7646  val_accuracy: 61.32%
  Epoch [74/600]  loss: 1.5031  accuracy: 64.04%  val_loss: 1.7282  val_accuracy: 63.44%
  Epoch [75/600]  loss: 1.5091  accuracy: 63.27%  val_loss: 1.7009  val_accuracy: 64.11%
  Epoch [76/600]  loss: 1.4944  accuracy: 64.20%  val_loss: 1.7378  val_accuracy: 59.21%
  Epoch [77/600]  loss: 1.5003  accuracy: 63.01%  val_loss: 1.7499  val_accuracy: 63.31%
  Epoch [78/600]  loss: 1.5097  accuracy: 64.14%  val_loss: 1.7509  val_accuracy: 62.12%
  Epoch [79/600]  loss: 1.4918  accuracy: 64.07%  val_loss: 1.7301  val_accuracy: 61.99%
  Epoch [80/600]  loss: 1.5010  accuracy: 63.67%  val_loss: 1.7108  val_accuracy: 62.65%
  Epoch [81/600]  loss: 1.4719  accuracy: 65.06%  val_loss: 1.6917  val_accuracy: 63.71%
  Epoch [82/600]  loss: 1.4612  accuracy: 64.97%  val_loss: 1.7138  val_accuracy: 63.18%
  Epoch [83/600]  loss: 1.4415  accuracy: 66.06%  val_loss: 1.7166  val_accuracy: 63.31%
  Epoch [84/600]  loss: 1.4661  accuracy: 64.90%  val_loss: 1.7239  val_accuracy: 61.99%
  Epoch [85/600]  loss: 1.4448  accuracy: 66.76%  val_loss: 1.6941  val_accuracy: 63.18%
  Epoch [86/600]  loss: 1.4681  accuracy: 65.00%  val_loss: 1.6948  val_accuracy: 63.31%
  Epoch [87/600]  loss: 1.4704  accuracy: 64.47%  val_loss: 1.6774  val_accuracy: 63.84%
  Epoch [88/600]  loss: 1.4608  accuracy: 65.96%  val_loss: 1.6931  val_accuracy: 63.97%
  Epoch [89/600]  loss: 1.4618  accuracy: 65.53%  val_loss: 1.7315  val_accuracy: 61.19%
  Epoch [90/600]  loss: 1.4586  accuracy: 65.63%  val_loss: 1.6850  val_accuracy: 63.05%
  Epoch [91/600]  loss: 1.4473  accuracy: 66.39%  val_loss: 1.6824  val_accuracy: 62.91%
  Epoch [92/600]  loss: 1.4450  accuracy: 66.56%  val_loss: 1.6825  val_accuracy: 64.90%
  Epoch [93/600]  loss: 1.4322  accuracy: 66.82%  val_loss: 1.6852  val_accuracy: 63.84%
  Epoch [94/600]  loss: 1.4471  accuracy: 65.86%  val_loss: 1.7315  val_accuracy: 62.91%
  Epoch [95/600]  loss: 1.4253  accuracy: 67.25%  val_loss: 1.6714  val_accuracy: 64.64%
  Epoch [96/600]  loss: 1.4203  accuracy: 68.38%  val_loss: 1.6829  val_accuracy: 64.64%
  Epoch [97/600]  loss: 1.4370  accuracy: 66.92%  val_loss: 1.7064  val_accuracy: 64.50%
  Epoch [98/600]  loss: 1.4341  accuracy: 66.56%  val_loss: 1.7035  val_accuracy: 64.64%
  Epoch [99/600]  loss: 1.4276  accuracy: 67.32%  val_loss: 1.7427  val_accuracy: 61.46%
  Epoch [100/600]  loss: 1.4328  accuracy: 67.72%  val_loss: 1.7221  val_accuracy: 64.11%
  Epoch [101/600]  loss: 1.4225  accuracy: 66.76%  val_loss: 1.6693  val_accuracy: 65.96%
  Epoch [102/600]  loss: 1.4200  accuracy: 67.45%  val_loss: 1.6914  val_accuracy: 64.50%
  Epoch [103/600]  loss: 1.4121  accuracy: 67.72%  val_loss: 1.6727  val_accuracy: 63.31%
  Epoch [104/600]  loss: 1.4154  accuracy: 67.52%  val_loss: 1.7303  val_accuracy: 63.71%
  Epoch [105/600]  loss: 1.4162  accuracy: 68.68%  val_loss: 1.6766  val_accuracy: 66.09%
  Epoch [106/600]  loss: 1.3989  accuracy: 68.41%  val_loss: 1.6881  val_accuracy: 65.17%
  Epoch [107/600]  loss: 1.3956  accuracy: 68.54%  val_loss: 1.6845  val_accuracy: 66.23%
  Epoch [108/600]  loss: 1.3963  accuracy: 69.61%  val_loss: 1.6844  val_accuracy: 64.37%
  Epoch [109/600]  loss: 1.3909  accuracy: 69.14%  val_loss: 1.6702  val_accuracy: 64.24%
  Epoch [110/600]  loss: 1.3703  accuracy: 68.98%  val_loss: 1.6778  val_accuracy: 64.11%
  Epoch [111/600]  loss: 1.3731  accuracy: 69.01%  val_loss: 1.6769  val_accuracy: 64.64%
  Epoch [112/600]  loss: 1.3902  accuracy: 69.34%  val_loss: 1.6804  val_accuracy: 64.77%
  Epoch [113/600]  loss: 1.3773  accuracy: 69.71%  val_loss: 1.6810  val_accuracy: 63.31%
  Epoch [114/600]  loss: 1.3664  accuracy: 69.77%  val_loss: 1.6730  val_accuracy: 64.90%
  Epoch [115/600]  loss: 1.3699  accuracy: 69.57%  val_loss: 1.6399  val_accuracy: 65.56%
  Epoch [116/600]  loss: 1.3863  accuracy: 69.31%  val_loss: 1.6720  val_accuracy: 65.17%
  Epoch [117/600]  loss: 1.3641  accuracy: 69.71%  val_loss: 1.6928  val_accuracy: 64.24%
  Epoch [118/600]  loss: 1.3540  accuracy: 71.76%  val_loss: 1.6787  val_accuracy: 63.18%
  Epoch [119/600]  loss: 1.3663  accuracy: 69.41%  val_loss: 1.6879  val_accuracy: 63.44%
  Epoch [120/600]  loss: 1.3356  accuracy: 71.20%  val_loss: 1.6788  val_accuracy: 65.70%
  Epoch [121/600]  loss: 1.3673  accuracy: 69.77%  val_loss: 1.6550  val_accuracy: 64.24%
  Epoch [122/600]  loss: 1.3331  accuracy: 72.16%  val_loss: 1.6609  val_accuracy: 65.30%
  Epoch [123/600]  loss: 1.3538  accuracy: 70.07%  val_loss: 1.6628  val_accuracy: 64.77%
  Epoch [124/600]  loss: 1.3606  accuracy: 70.20%  val_loss: 1.6953  val_accuracy: 63.97%
  Epoch [125/600]  loss: 1.3609  accuracy: 69.77%  val_loss: 1.7010  val_accuracy: 62.65%
  Epoch [126/600]  loss: 1.3511  accuracy: 71.30%  val_loss: 1.6591  val_accuracy: 65.83%
  Epoch [127/600]  loss: 1.3339  accuracy: 71.06%  val_loss: 1.6391  val_accuracy: 65.83%
  Epoch [128/600]  loss: 1.3235  accuracy: 72.59%  val_loss: 1.6547  val_accuracy: 66.09%
  Epoch [129/600]  loss: 1.3497  accuracy: 70.40%  val_loss: 1.6540  val_accuracy: 64.77%
  Epoch [130/600]  loss: 1.3377  accuracy: 71.33%  val_loss: 1.6525  val_accuracy: 66.49%
  Epoch [131/600]  loss: 1.3417  accuracy: 71.53%  val_loss: 1.6459  val_accuracy: 66.49%
  Epoch [132/600]  loss: 1.3201  accuracy: 72.09%  val_loss: 1.6520  val_accuracy: 67.28%
  Epoch [133/600]  loss: 1.3148  accuracy: 71.89%  val_loss: 1.6701  val_accuracy: 66.75%
  Epoch [134/600]  loss: 1.3071  accuracy: 73.02%  val_loss: 1.6564  val_accuracy: 66.23%
  Epoch [135/600]  loss: 1.3105  accuracy: 72.62%  val_loss: 1.6456  val_accuracy: 66.23%
  Epoch [136/600]  loss: 1.2951  accuracy: 73.68%  val_loss: 1.6549  val_accuracy: 66.62%
  Epoch [137/600]  loss: 1.2958  accuracy: 73.05%  val_loss: 1.6521  val_accuracy: 66.62%
  Epoch [138/600]  loss: 1.3148  accuracy: 72.16%  val_loss: 1.6649  val_accuracy: 65.70%
  Epoch [139/600]  loss: 1.3057  accuracy: 72.92%  val_loss: 1.6556  val_accuracy: 65.96%
  Epoch [140/600]  loss: 1.2863  accuracy: 72.89%  val_loss: 1.6274  val_accuracy: 66.36%
  Epoch [141/600]  loss: 1.2907  accuracy: 72.56%  val_loss: 1.6650  val_accuracy: 64.50%
  Epoch [142/600]  loss: 1.2959  accuracy: 73.58%  val_loss: 1.6415  val_accuracy: 65.43%
  Epoch [143/600]  loss: 1.2855  accuracy: 73.85%  val_loss: 1.6434  val_accuracy: 65.83%
  Epoch [144/600]  loss: 1.2731  accuracy: 74.31%  val_loss: 1.6361  val_accuracy: 66.36%
  Epoch [145/600]  loss: 1.3179  accuracy: 71.73%  val_loss: 1.6578  val_accuracy: 63.58%
  Epoch [146/600]  loss: 1.3104  accuracy: 72.42%  val_loss: 1.6184  val_accuracy: 67.42%
  Epoch [147/600]  loss: 1.2824  accuracy: 73.65%  val_loss: 1.6446  val_accuracy: 66.23%
  Epoch [148/600]  loss: 1.2843  accuracy: 74.15%  val_loss: 1.6308  val_accuracy: 66.75%
  Epoch [149/600]  loss: 1.2693  accuracy: 74.35%  val_loss: 1.6551  val_accuracy: 65.43%
  Epoch [150/600]  loss: 1.2908  accuracy: 73.15%  val_loss: 1.6499  val_accuracy: 64.77%
  Epoch [151/600]  loss: 1.2567  accuracy: 74.54%  val_loss: 1.6684  val_accuracy: 62.78%
  Epoch [152/600]  loss: 1.2649  accuracy: 75.04%  val_loss: 1.6649  val_accuracy: 63.44%
  Epoch [153/600]  loss: 1.2545  accuracy: 74.94%  val_loss: 1.6629  val_accuracy: 64.50%
  Epoch [154/600]  loss: 1.2777  accuracy: 74.64%  val_loss: 1.6572  val_accuracy: 65.70%
  Epoch [155/600]  loss: 1.2468  accuracy: 75.57%  val_loss: 1.6367  val_accuracy: 66.23%
  Epoch [156/600]  loss: 1.2514  accuracy: 75.24%  val_loss: 1.6177  val_accuracy: 64.64%
  Epoch [157/600]  loss: 1.2530  accuracy: 75.44%  val_loss: 1.6455  val_accuracy: 67.15%
  Epoch [158/600]  loss: 1.2497  accuracy: 74.05%  val_loss: 1.6471  val_accuracy: 65.17%
  Epoch [159/600]  loss: 1.2384  accuracy: 75.27%  val_loss: 1.6572  val_accuracy: 64.64%
  Epoch [160/600]  loss: 1.2586  accuracy: 74.84%  val_loss: 1.6357  val_accuracy: 65.17%
  Epoch [161/600]  loss: 1.2389  accuracy: 75.60%  val_loss: 1.6655  val_accuracy: 64.64%
  Epoch [162/600]  loss: 1.2364  accuracy: 75.87%  val_loss: 1.6355  val_accuracy: 65.70%
  Epoch [163/600]  loss: 1.2482  accuracy: 75.57%  val_loss: 1.6364  val_accuracy: 66.62%
  Epoch [164/600]  loss: 1.2585  accuracy: 74.78%  val_loss: 1.6531  val_accuracy: 63.84%
  Epoch [165/600]  loss: 1.2419  accuracy: 75.31%  val_loss: 1.6331  val_accuracy: 65.96%
  Epoch [166/600]  loss: 1.2439  accuracy: 76.00%  val_loss: 1.6568  val_accuracy: 64.50%
  Epoch [167/600]  loss: 1.2279  accuracy: 76.93%  val_loss: 1.6437  val_accuracy: 66.09%
  Epoch [168/600]  loss: 1.2266  accuracy: 75.37%  val_loss: 1.6678  val_accuracy: 65.70%
  Epoch [169/600]  loss: 1.2200  accuracy: 76.14%  val_loss: 1.6477  val_accuracy: 63.84%
  Epoch [170/600]  loss: 1.2195  accuracy: 75.80%  val_loss: 1.6519  val_accuracy: 64.50%
  Epoch [171/600]  loss: 1.2231  accuracy: 74.48%  val_loss: 1.6583  val_accuracy: 63.31%
  Epoch [172/600]  loss: 1.2032  accuracy: 75.97%  val_loss: 1.6617  val_accuracy: 65.83%
  Epoch [173/600]  loss: 1.2063  accuracy: 76.86%  val_loss: 1.6677  val_accuracy: 65.03%
  Epoch [174/600]  loss: 1.2152  accuracy: 76.76%  val_loss: 1.6724  val_accuracy: 64.50%
  Epoch [175/600]  loss: 1.2183  accuracy: 75.84%  val_loss: 1.6761  val_accuracy: 64.11%
  Epoch [176/600]  loss: 1.2148  accuracy: 76.83%  val_loss: 1.6492  val_accuracy: 65.03%
  Epoch [177/600]  loss: 1.1985  accuracy: 76.70%  val_loss: 1.6511  val_accuracy: 65.70%
  Epoch [178/600]  loss: 1.2097  accuracy: 77.30%  val_loss: 1.6375  val_accuracy: 65.30%
  Epoch [179/600]  loss: 1.1919  accuracy: 77.00%  val_loss: 1.6522  val_accuracy: 64.77%
  Epoch [180/600]  loss: 1.2209  accuracy: 77.39%  val_loss: 1.6434  val_accuracy: 64.90%
  Epoch [181/600]  loss: 1.1893  accuracy: 77.69%  val_loss: 1.6650  val_accuracy: 65.70%
  Epoch [182/600]  loss: 1.1839  accuracy: 77.76%  val_loss: 1.6338  val_accuracy: 65.83%
  Epoch [183/600]  loss: 1.2034  accuracy: 77.13%  val_loss: 1.6917  val_accuracy: 62.65%
  Epoch [184/600]  loss: 1.1769  accuracy: 78.85%  val_loss: 1.6444  val_accuracy: 65.83%
  Epoch [185/600]  loss: 1.1844  accuracy: 77.30%  val_loss: 1.6301  val_accuracy: 64.50%
  Epoch [186/600]  loss: 1.2104  accuracy: 76.83%  val_loss: 1.6554  val_accuracy: 65.30%
  Epoch [187/600]  loss: 1.1880  accuracy: 76.93%  val_loss: 1.6339  val_accuracy: 65.03%
  Epoch [188/600]  loss: 1.2129  accuracy: 76.70%  val_loss: 1.6625  val_accuracy: 65.17%
  Epoch [189/600]  loss: 1.1703  accuracy: 77.93%  val_loss: 1.6580  val_accuracy: 64.11%
  Epoch [190/600]  loss: 1.1945  accuracy: 77.26%  val_loss: 1.6370  val_accuracy: 65.03%
  Epoch [191/600]  loss: 1.1784  accuracy: 78.16%  val_loss: 1.6517  val_accuracy: 65.43%
  Epoch [192/600]  loss: 1.1801  accuracy: 77.73%  val_loss: 1.6698  val_accuracy: 64.77%
  Epoch [193/600]  loss: 1.1722  accuracy: 77.96%  val_loss: 1.6458  val_accuracy: 65.83%
  Epoch [194/600]  loss: 1.1734  accuracy: 78.36%  val_loss: 1.6356  val_accuracy: 65.17%
  Epoch [195/600]  loss: 1.1723  accuracy: 78.75%  val_loss: 1.6514  val_accuracy: 65.43%
  Epoch [196/600]  loss: 1.1649  accuracy: 78.12%  val_loss: 1.6896  val_accuracy: 65.17%
  Epoch [197/600]  loss: 1.1719  accuracy: 78.36%  val_loss: 1.6455  val_accuracy: 65.43%
  Epoch [198/600]  loss: 1.1530  accuracy: 78.55%  val_loss: 1.6541  val_accuracy: 65.17%
  Epoch [199/600]  loss: 1.1847  accuracy: 77.76%  val_loss: 1.6426  val_accuracy: 63.05%
  Epoch [200/600]  loss: 1.1679  accuracy: 78.29%  val_loss: 1.6729  val_accuracy: 63.71%
  Epoch [201/600]  loss: 1.1387  accuracy: 79.25%  val_loss: 1.6569  val_accuracy: 64.77%
  Epoch [202/600]  loss: 1.1584  accuracy: 79.05%  val_loss: 1.6418  val_accuracy: 66.09%
  Epoch [203/600]  loss: 1.1611  accuracy: 78.82%  val_loss: 1.6487  val_accuracy: 64.77%
  Epoch [204/600]  loss: 1.1650  accuracy: 78.59%  val_loss: 1.6377  val_accuracy: 65.70%
  Epoch [205/600]  loss: 1.1217  accuracy: 80.01%  val_loss: 1.6365  val_accuracy: 64.77%
  Epoch [206/600]  loss: 1.1321  accuracy: 80.48%  val_loss: 1.6653  val_accuracy: 65.03%
  Epoch [207/600]  loss: 1.1638  accuracy: 79.22%  val_loss: 1.6541  val_accuracy: 65.03%
  Epoch [208/600]  loss: 1.1434  accuracy: 79.71%  val_loss: 1.6435  val_accuracy: 65.17%
  Epoch [209/600]  loss: 1.1340  accuracy: 79.91%  val_loss: 1.6462  val_accuracy: 64.50%
  Epoch [210/600]  loss: 1.1267  accuracy: 80.48%  val_loss: 1.6274  val_accuracy: 64.64%
  Epoch [211/600]  loss: 1.1310  accuracy: 80.51%  val_loss: 1.6453  val_accuracy: 63.97%
  Epoch [212/600]  loss: 1.1539  accuracy: 80.48%  val_loss: 1.6669  val_accuracy: 65.03%
  Epoch [213/600]  loss: 1.1436  accuracy: 80.05%  val_loss: 1.6596  val_accuracy: 63.97%
  Epoch [214/600]  loss: 1.1346  accuracy: 79.91%  val_loss: 1.6686  val_accuracy: 65.03%
  Epoch [215/600]  loss: 1.1349  accuracy: 80.58%  val_loss: 1.6608  val_accuracy: 63.58%
  Epoch [216/600]  loss: 1.1416  accuracy: 79.42%  val_loss: 1.6603  val_accuracy: 63.97%
  Epoch [217/600]  loss: 1.1330  accuracy: 80.15%  val_loss: 1.6606  val_accuracy: 65.30%
  Epoch [218/600]  loss: 1.1275  accuracy: 80.78%  val_loss: 1.6440  val_accuracy: 65.96%
  Epoch [219/600]  loss: 1.1540  accuracy: 78.99%  val_loss: 1.6444  val_accuracy: 64.77%
  Epoch [220/600]  loss: 1.1330  accuracy: 81.27%  val_loss: 1.6753  val_accuracy: 64.11%
  Epoch [221/600]  loss: 1.1109  accuracy: 81.47%  val_loss: 1.6438  val_accuracy: 64.77%
  Epoch [222/600]  loss: 1.1242  accuracy: 80.05%  val_loss: 1.6443  val_accuracy: 65.56%
  Epoch [223/600]  loss: 1.1338  accuracy: 80.18%  val_loss: 1.6380  val_accuracy: 65.96%
  Epoch [224/600]  loss: 1.1133  accuracy: 81.24%  val_loss: 1.6363  val_accuracy: 66.09%
  Epoch [225/600]  loss: 1.1120  accuracy: 81.41%  val_loss: 1.6546  val_accuracy: 66.09%
  Epoch [226/600]  loss: 1.1172  accuracy: 80.68%  val_loss: 1.6370  val_accuracy: 65.83%
  Epoch [227/600]  loss: 1.1020  accuracy: 81.67%  val_loss: 1.6350  val_accuracy: 65.96%
  Epoch [228/600]  loss: 1.1061  accuracy: 82.13%  val_loss: 1.6387  val_accuracy: 66.62%
  Epoch [229/600]  loss: 1.0910  accuracy: 82.13%  val_loss: 1.6574  val_accuracy: 66.23%
  Epoch [230/600]  loss: 1.1006  accuracy: 82.10%  val_loss: 1.6681  val_accuracy: 66.23%
  Epoch [231/600]  loss: 1.0920  accuracy: 80.97%  val_loss: 1.6371  val_accuracy: 65.03%
  Early stopping triggered after 231 epochs (no improvement for 75 epochs).

  Fold 2 result: val_loss: 1.6177  val_accuracy: 64.64%

Fold [3 / 5]
----------------------------------------------------------------------
  Epoch [1/600]  loss: 2.9051  accuracy: 13.72%  val_loss: 2.2917  val_accuracy: 34.44%
  Epoch [2/600]  loss: 2.3376  accuracy: 25.52%  val_loss: 2.1354  val_accuracy: 40.00%
  Epoch [3/600]  loss: 2.2425  accuracy: 29.60%  val_loss: 2.0991  val_accuracy: 40.79%
  Epoch [4/600]  loss: 2.1882  accuracy: 31.59%  val_loss: 2.0340  val_accuracy: 40.79%
  Epoch [5/600]  loss: 2.1419  accuracy: 32.32%  val_loss: 2.0854  val_accuracy: 39.07%
  Epoch [6/600]  loss: 2.1184  accuracy: 33.91%  val_loss: 1.9579  val_accuracy: 49.54%
  Epoch [7/600]  loss: 2.1107  accuracy: 33.74%  val_loss: 2.0121  val_accuracy: 43.71%
  Epoch [8/600]  loss: 2.0645  accuracy: 36.56%  val_loss: 1.9641  val_accuracy: 45.30%
  Epoch [9/600]  loss: 2.0387  accuracy: 35.96%  val_loss: 1.9544  val_accuracy: 46.49%
  Epoch [10/600]  loss: 2.0440  accuracy: 36.86%  val_loss: 1.9946  val_accuracy: 45.83%
  Epoch [11/600]  loss: 1.9943  accuracy: 38.91%  val_loss: 1.9524  val_accuracy: 49.67%
  Epoch [12/600]  loss: 1.9934  accuracy: 38.68%  val_loss: 1.9141  val_accuracy: 51.26%
  Epoch [13/600]  loss: 1.9885  accuracy: 39.28%  val_loss: 1.9261  val_accuracy: 49.27%
  Epoch [14/600]  loss: 1.9677  accuracy: 40.01%  val_loss: 1.9027  val_accuracy: 50.07%
  Epoch [15/600]  loss: 1.9420  accuracy: 41.80%  val_loss: 2.0652  val_accuracy: 45.43%
  Epoch [16/600]  loss: 1.9498  accuracy: 41.07%  val_loss: 1.9549  val_accuracy: 46.75%
  Epoch [17/600]  loss: 1.9162  accuracy: 42.06%  val_loss: 1.9529  val_accuracy: 48.34%
  Epoch [18/600]  loss: 1.8728  accuracy: 43.79%  val_loss: 1.8897  val_accuracy: 49.67%
  Epoch [19/600]  loss: 1.9066  accuracy: 42.63%  val_loss: 1.9118  val_accuracy: 49.67%
  Epoch [20/600]  loss: 1.8520  accuracy: 45.38%  val_loss: 1.9336  val_accuracy: 49.14%
  Epoch [21/600]  loss: 1.8878  accuracy: 43.92%  val_loss: 1.8932  val_accuracy: 54.97%
  Epoch [22/600]  loss: 1.8435  accuracy: 45.54%  val_loss: 1.9263  val_accuracy: 48.87%
  Epoch [23/600]  loss: 1.8496  accuracy: 45.08%  val_loss: 1.9034  val_accuracy: 53.38%
  Epoch [24/600]  loss: 1.8356  accuracy: 46.44%  val_loss: 1.8562  val_accuracy: 51.66%
  Epoch [25/600]  loss: 1.8417  accuracy: 45.08%  val_loss: 1.8907  val_accuracy: 51.26%
  Epoch [26/600]  loss: 1.8292  accuracy: 45.84%  val_loss: 1.8729  val_accuracy: 49.67%
  Epoch [27/600]  loss: 1.8081  accuracy: 47.56%  val_loss: 1.8937  val_accuracy: 50.46%
  Epoch [28/600]  loss: 1.8018  accuracy: 46.04%  val_loss: 1.8287  val_accuracy: 54.30%
  Epoch [29/600]  loss: 1.7680  accuracy: 47.63%  val_loss: 1.8503  val_accuracy: 51.13%
  Epoch [30/600]  loss: 1.7822  accuracy: 47.53%  val_loss: 1.8733  val_accuracy: 54.30%
  Epoch [31/600]  loss: 1.7654  accuracy: 48.99%  val_loss: 1.9072  val_accuracy: 52.45%
  Epoch [32/600]  loss: 1.7699  accuracy: 48.82%  val_loss: 1.8528  val_accuracy: 54.70%
  Epoch [33/600]  loss: 1.7579  accuracy: 47.96%  val_loss: 1.8740  val_accuracy: 55.10%
  Epoch [34/600]  loss: 1.7390  accuracy: 50.51%  val_loss: 1.8994  val_accuracy: 52.19%
  Epoch [35/600]  loss: 1.7312  accuracy: 50.08%  val_loss: 1.8721  val_accuracy: 50.99%
  Epoch [36/600]  loss: 1.7467  accuracy: 50.28%  val_loss: 1.8609  val_accuracy: 53.77%
  Epoch [37/600]  loss: 1.7429  accuracy: 49.55%  val_loss: 1.8593  val_accuracy: 53.77%
  Epoch [38/600]  loss: 1.7186  accuracy: 50.38%  val_loss: 1.8481  val_accuracy: 54.17%
  Epoch [39/600]  loss: 1.7266  accuracy: 50.22%  val_loss: 1.8304  val_accuracy: 55.76%
  Epoch [40/600]  loss: 1.7231  accuracy: 50.71%  val_loss: 1.8859  val_accuracy: 53.11%
  Epoch [41/600]  loss: 1.6886  accuracy: 53.33%  val_loss: 1.8220  val_accuracy: 53.51%
  Epoch [42/600]  loss: 1.6918  accuracy: 51.84%  val_loss: 1.8175  val_accuracy: 54.83%
  Epoch [43/600]  loss: 1.7021  accuracy: 51.38%  val_loss: 1.8386  val_accuracy: 55.63%
  Epoch [44/600]  loss: 1.6911  accuracy: 53.83%  val_loss: 1.8158  val_accuracy: 52.98%
  Epoch [45/600]  loss: 1.6865  accuracy: 52.17%  val_loss: 1.8082  val_accuracy: 56.42%
  Epoch [46/600]  loss: 1.6668  accuracy: 53.33%  val_loss: 1.8391  val_accuracy: 53.77%
  Epoch [47/600]  loss: 1.6745  accuracy: 52.27%  val_loss: 1.7948  val_accuracy: 58.54%
  Epoch [48/600]  loss: 1.6506  accuracy: 54.42%  val_loss: 1.7972  val_accuracy: 57.22%
  Epoch [49/600]  loss: 1.6723  accuracy: 53.33%  val_loss: 1.8536  val_accuracy: 54.70%
  Epoch [50/600]  loss: 1.6799  accuracy: 53.43%  val_loss: 1.8005  val_accuracy: 56.42%
  Epoch [51/600]  loss: 1.6579  accuracy: 53.73%  val_loss: 1.7977  val_accuracy: 57.09%
  Epoch [52/600]  loss: 1.6578  accuracy: 53.99%  val_loss: 1.7985  val_accuracy: 56.16%
  Epoch [53/600]  loss: 1.6334  accuracy: 55.72%  val_loss: 1.8359  val_accuracy: 56.69%
  Epoch [54/600]  loss: 1.6269  accuracy: 55.49%  val_loss: 1.7755  val_accuracy: 58.01%
  Epoch [55/600]  loss: 1.6258  accuracy: 56.15%  val_loss: 1.7897  val_accuracy: 58.28%
  Epoch [56/600]  loss: 1.6212  accuracy: 56.05%  val_loss: 1.7785  val_accuracy: 57.09%
  Epoch [57/600]  loss: 1.6375  accuracy: 55.05%  val_loss: 1.7897  val_accuracy: 57.88%
  Epoch [58/600]  loss: 1.6108  accuracy: 56.25%  val_loss: 1.7737  val_accuracy: 59.87%
  Epoch [59/600]  loss: 1.6189  accuracy: 55.68%  val_loss: 1.7720  val_accuracy: 59.60%
  Epoch [60/600]  loss: 1.6090  accuracy: 56.61%  val_loss: 1.7885  val_accuracy: 62.12%
  Epoch [61/600]  loss: 1.6106  accuracy: 57.47%  val_loss: 1.7701  val_accuracy: 61.85%
  Epoch [62/600]  loss: 1.6037  accuracy: 55.45%  val_loss: 1.7597  val_accuracy: 59.87%
  Epoch [63/600]  loss: 1.6154  accuracy: 56.78%  val_loss: 1.7509  val_accuracy: 60.40%
  Epoch [64/600]  loss: 1.5958  accuracy: 57.57%  val_loss: 1.7559  val_accuracy: 58.28%
  Epoch [65/600]  loss: 1.5989  accuracy: 56.38%  val_loss: 1.7575  val_accuracy: 59.87%
  Epoch [66/600]  loss: 1.5856  accuracy: 58.40%  val_loss: 1.8072  val_accuracy: 58.54%
  Epoch [67/600]  loss: 1.5862  accuracy: 58.10%  val_loss: 1.7496  val_accuracy: 60.66%
  Epoch [68/600]  loss: 1.5487  accuracy: 59.40%  val_loss: 1.7503  val_accuracy: 62.52%
  Epoch [69/600]  loss: 1.5758  accuracy: 57.71%  val_loss: 1.7277  val_accuracy: 60.40%
  Epoch [70/600]  loss: 1.5929  accuracy: 57.77%  val_loss: 1.7647  val_accuracy: 60.40%
  Epoch [71/600]  loss: 1.5838  accuracy: 57.54%  val_loss: 1.7264  val_accuracy: 60.66%
  Epoch [72/600]  loss: 1.5496  accuracy: 60.46%  val_loss: 1.7229  val_accuracy: 61.06%
  Epoch [73/600]  loss: 1.5760  accuracy: 58.30%  val_loss: 1.7206  val_accuracy: 62.12%
  Epoch [74/600]  loss: 1.5431  accuracy: 60.32%  val_loss: 1.7220  val_accuracy: 63.44%
  Epoch [75/600]  loss: 1.5468  accuracy: 58.70%  val_loss: 1.7070  val_accuracy: 60.00%
  Epoch [76/600]  loss: 1.5381  accuracy: 60.89%  val_loss: 1.7088  val_accuracy: 61.85%
  Epoch [77/600]  loss: 1.5339  accuracy: 60.46%  val_loss: 1.7119  val_accuracy: 62.25%
  Epoch [78/600]  loss: 1.5425  accuracy: 60.13%  val_loss: 1.7428  val_accuracy: 61.85%
  Epoch [79/600]  loss: 1.5172  accuracy: 61.92%  val_loss: 1.7332  val_accuracy: 61.32%
  Epoch [80/600]  loss: 1.5244  accuracy: 60.49%  val_loss: 1.7344  val_accuracy: 61.59%
  Epoch [81/600]  loss: 1.5166  accuracy: 61.39%  val_loss: 1.7507  val_accuracy: 58.15%
  Epoch [82/600]  loss: 1.5278  accuracy: 59.30%  val_loss: 1.7378  val_accuracy: 62.78%
  Epoch [83/600]  loss: 1.5364  accuracy: 60.06%  val_loss: 1.7363  val_accuracy: 63.71%
  Epoch [84/600]  loss: 1.5181  accuracy: 61.98%  val_loss: 1.7559  val_accuracy: 59.74%
  Epoch [85/600]  loss: 1.5240  accuracy: 61.55%  val_loss: 1.6904  val_accuracy: 61.99%
  Epoch [86/600]  loss: 1.5153  accuracy: 61.58%  val_loss: 1.7055  val_accuracy: 63.05%
  Epoch [87/600]  loss: 1.5105  accuracy: 61.98%  val_loss: 1.7153  val_accuracy: 61.59%
  Epoch [88/600]  loss: 1.5046  accuracy: 62.68%  val_loss: 1.7077  val_accuracy: 60.66%
  Epoch [89/600]  loss: 1.5091  accuracy: 62.05%  val_loss: 1.7033  val_accuracy: 62.25%
  Epoch [90/600]  loss: 1.4852  accuracy: 62.45%  val_loss: 1.7448  val_accuracy: 61.32%
  Epoch [91/600]  loss: 1.4997  accuracy: 62.58%  val_loss: 1.7021  val_accuracy: 61.32%
  Epoch [92/600]  loss: 1.5002  accuracy: 63.27%  val_loss: 1.7252  val_accuracy: 60.66%
  Epoch [93/600]  loss: 1.4975  accuracy: 63.01%  val_loss: 1.7003  val_accuracy: 63.05%
  Epoch [94/600]  loss: 1.4917  accuracy: 61.52%  val_loss: 1.6973  val_accuracy: 60.93%
  Epoch [95/600]  loss: 1.4997  accuracy: 62.38%  val_loss: 1.7179  val_accuracy: 62.38%
  Epoch [96/600]  loss: 1.4763  accuracy: 62.65%  val_loss: 1.6860  val_accuracy: 64.37%
  Epoch [97/600]  loss: 1.4671  accuracy: 63.51%  val_loss: 1.7214  val_accuracy: 62.38%
  Epoch [98/600]  loss: 1.4618  accuracy: 63.87%  val_loss: 1.7052  val_accuracy: 63.84%
  Epoch [99/600]  loss: 1.4578  accuracy: 64.67%  val_loss: 1.6941  val_accuracy: 61.72%
  Epoch [100/600]  loss: 1.4761  accuracy: 63.41%  val_loss: 1.7384  val_accuracy: 61.59%
  Epoch [101/600]  loss: 1.4726  accuracy: 63.37%  val_loss: 1.6912  val_accuracy: 63.84%
  Epoch [102/600]  loss: 1.4415  accuracy: 64.93%  val_loss: 1.6815  val_accuracy: 63.05%
  Epoch [103/600]  loss: 1.4532  accuracy: 64.40%  val_loss: 1.7078  val_accuracy: 61.19%
  Epoch [104/600]  loss: 1.4607  accuracy: 64.30%  val_loss: 1.6972  val_accuracy: 62.65%
  Epoch [105/600]  loss: 1.4462  accuracy: 64.37%  val_loss: 1.6958  val_accuracy: 63.05%
  Epoch [106/600]  loss: 1.4411  accuracy: 64.83%  val_loss: 1.6963  val_accuracy: 62.78%
  Epoch [107/600]  loss: 1.4500  accuracy: 64.53%  val_loss: 1.7482  val_accuracy: 59.87%
  Epoch [108/600]  loss: 1.4279  accuracy: 65.10%  val_loss: 1.6638  val_accuracy: 63.18%
  Epoch [109/600]  loss: 1.4159  accuracy: 67.25%  val_loss: 1.7117  val_accuracy: 60.79%
  Epoch [110/600]  loss: 1.4326  accuracy: 65.56%  val_loss: 1.6694  val_accuracy: 64.50%
  Epoch [111/600]  loss: 1.3961  accuracy: 67.38%  val_loss: 1.6971  val_accuracy: 61.99%
  Epoch [112/600]  loss: 1.4088  accuracy: 66.52%  val_loss: 1.7043  val_accuracy: 64.77%
  Epoch [113/600]  loss: 1.4267  accuracy: 67.52%  val_loss: 1.7072  val_accuracy: 61.99%
  Epoch [114/600]  loss: 1.4358  accuracy: 65.96%  val_loss: 1.6871  val_accuracy: 62.91%
  Epoch [115/600]  loss: 1.4400  accuracy: 66.03%  val_loss: 1.6927  val_accuracy: 64.37%
  Epoch [116/600]  loss: 1.3989  accuracy: 68.25%  val_loss: 1.6907  val_accuracy: 63.31%
  Epoch [117/600]  loss: 1.4156  accuracy: 67.22%  val_loss: 1.6872  val_accuracy: 62.78%
  Epoch [118/600]  loss: 1.3964  accuracy: 67.62%  val_loss: 1.7108  val_accuracy: 62.65%
  Epoch [119/600]  loss: 1.3968  accuracy: 67.82%  val_loss: 1.7295  val_accuracy: 61.46%
  Epoch [120/600]  loss: 1.3983  accuracy: 67.48%  val_loss: 1.6510  val_accuracy: 63.84%
  Epoch [121/600]  loss: 1.3750  accuracy: 68.48%  val_loss: 1.6521  val_accuracy: 64.37%
  Epoch [122/600]  loss: 1.3808  accuracy: 68.61%  val_loss: 1.6583  val_accuracy: 64.37%
  Epoch [123/600]  loss: 1.3607  accuracy: 69.31%  val_loss: 1.6611  val_accuracy: 65.70%
  Epoch [124/600]  loss: 1.3803  accuracy: 70.10%  val_loss: 1.6608  val_accuracy: 64.11%
  Epoch [125/600]  loss: 1.3971  accuracy: 67.98%  val_loss: 1.7017  val_accuracy: 60.79%
  Epoch [126/600]  loss: 1.3924  accuracy: 67.55%  val_loss: 1.6843  val_accuracy: 62.12%
  Epoch [127/600]  loss: 1.3634  accuracy: 68.25%  val_loss: 1.6505  val_accuracy: 65.96%
  Epoch [128/600]  loss: 1.3547  accuracy: 70.57%  val_loss: 1.6670  val_accuracy: 64.90%
  Epoch [129/600]  loss: 1.3646  accuracy: 69.54%  val_loss: 1.6668  val_accuracy: 64.37%
  Epoch [130/600]  loss: 1.3516  accuracy: 70.47%  val_loss: 1.6838  val_accuracy: 62.78%
  Epoch [131/600]  loss: 1.3898  accuracy: 68.38%  val_loss: 1.6677  val_accuracy: 64.50%
  Epoch [132/600]  loss: 1.3510  accuracy: 70.77%  val_loss: 1.6634  val_accuracy: 63.97%
  Epoch [133/600]  loss: 1.3424  accuracy: 71.06%  val_loss: 1.6497  val_accuracy: 65.03%
  Epoch [134/600]  loss: 1.3437  accuracy: 69.97%  val_loss: 1.6730  val_accuracy: 65.30%
  Epoch [135/600]  loss: 1.3379  accuracy: 70.17%  val_loss: 1.6745  val_accuracy: 63.97%
  Epoch [136/600]  loss: 1.3472  accuracy: 69.80%  val_loss: 1.6640  val_accuracy: 65.03%
  Epoch [137/600]  loss: 1.3295  accuracy: 70.57%  val_loss: 1.6909  val_accuracy: 62.78%
  Epoch [138/600]  loss: 1.3282  accuracy: 70.57%  val_loss: 1.6963  val_accuracy: 62.65%
  Epoch [139/600]  loss: 1.3240  accuracy: 70.70%  val_loss: 1.6708  val_accuracy: 62.91%
  Epoch [140/600]  loss: 1.3240  accuracy: 70.77%  val_loss: 1.6987  val_accuracy: 63.58%
  Epoch [141/600]  loss: 1.3140  accuracy: 71.53%  val_loss: 1.6572  val_accuracy: 64.37%
  Epoch [142/600]  loss: 1.3278  accuracy: 70.83%  val_loss: 1.7097  val_accuracy: 63.05%
  Epoch [143/600]  loss: 1.3521  accuracy: 69.80%  val_loss: 1.6604  val_accuracy: 63.18%
  Epoch [144/600]  loss: 1.3137  accuracy: 71.26%  val_loss: 1.6716  val_accuracy: 63.97%
  Epoch [145/600]  loss: 1.3012  accuracy: 71.93%  val_loss: 1.6848  val_accuracy: 63.44%
  Epoch [146/600]  loss: 1.3207  accuracy: 71.53%  val_loss: 1.6689  val_accuracy: 64.64%
  Epoch [147/600]  loss: 1.3228  accuracy: 70.57%  val_loss: 1.7048  val_accuracy: 63.05%
  Epoch [148/600]  loss: 1.3329  accuracy: 70.47%  val_loss: 1.6714  val_accuracy: 63.97%
  Epoch [149/600]  loss: 1.3168  accuracy: 72.12%  val_loss: 1.6707  val_accuracy: 65.96%
  Epoch [150/600]  loss: 1.3092  accuracy: 71.00%  val_loss: 1.6530  val_accuracy: 65.17%
  Epoch [151/600]  loss: 1.3038  accuracy: 72.12%  val_loss: 1.6875  val_accuracy: 66.09%
  Epoch [152/600]  loss: 1.3087  accuracy: 72.06%  val_loss: 1.6832  val_accuracy: 65.30%
  Epoch [153/600]  loss: 1.2730  accuracy: 73.65%  val_loss: 1.6746  val_accuracy: 63.71%
  Epoch [154/600]  loss: 1.3041  accuracy: 72.82%  val_loss: 1.6928  val_accuracy: 64.50%
  Epoch [155/600]  loss: 1.2939  accuracy: 72.59%  val_loss: 1.6491  val_accuracy: 63.31%
  Epoch [156/600]  loss: 1.3060  accuracy: 72.12%  val_loss: 1.6809  val_accuracy: 64.37%
  Epoch [157/600]  loss: 1.2904  accuracy: 72.79%  val_loss: 1.6704  val_accuracy: 65.30%
  Epoch [158/600]  loss: 1.3037  accuracy: 72.06%  val_loss: 1.6688  val_accuracy: 63.71%
  Epoch [159/600]  loss: 1.2720  accuracy: 73.58%  val_loss: 1.7291  val_accuracy: 63.97%
  Epoch [160/600]  loss: 1.2949  accuracy: 72.65%  val_loss: 1.6517  val_accuracy: 64.11%
  Epoch [161/600]  loss: 1.2888  accuracy: 72.75%  val_loss: 1.6872  val_accuracy: 64.90%
  Epoch [162/600]  loss: 1.2748  accuracy: 73.12%  val_loss: 1.6646  val_accuracy: 65.17%
  Epoch [163/600]  loss: 1.2637  accuracy: 74.38%  val_loss: 1.6455  val_accuracy: 67.15%
  Epoch [164/600]  loss: 1.2643  accuracy: 73.78%  val_loss: 1.6869  val_accuracy: 63.44%
  Epoch [165/600]  loss: 1.2772  accuracy: 73.95%  val_loss: 1.6659  val_accuracy: 65.70%
  Epoch [166/600]  loss: 1.2614  accuracy: 74.25%  val_loss: 1.6532  val_accuracy: 65.17%
  Epoch [167/600]  loss: 1.2581  accuracy: 74.18%  val_loss: 1.6994  val_accuracy: 64.11%
  Epoch [168/600]  loss: 1.2530  accuracy: 74.21%  val_loss: 1.7105  val_accuracy: 63.97%
  Epoch [169/600]  loss: 1.2799  accuracy: 72.85%  val_loss: 1.7091  val_accuracy: 61.59%
  Epoch [170/600]  loss: 1.2444  accuracy: 74.35%  val_loss: 1.6981  val_accuracy: 64.24%
  Epoch [171/600]  loss: 1.2528  accuracy: 73.48%  val_loss: 1.6947  val_accuracy: 64.11%
  Epoch [172/600]  loss: 1.2626  accuracy: 73.72%  val_loss: 1.6990  val_accuracy: 65.03%
  Epoch [173/600]  loss: 1.2508  accuracy: 74.81%  val_loss: 1.7060  val_accuracy: 63.44%
  Epoch [174/600]  loss: 1.2470  accuracy: 74.78%  val_loss: 1.6379  val_accuracy: 65.03%
  Epoch [175/600]  loss: 1.2353  accuracy: 74.41%  val_loss: 1.6842  val_accuracy: 63.58%
  Epoch [176/600]  loss: 1.2397  accuracy: 74.54%  val_loss: 1.6891  val_accuracy: 63.71%
  Epoch [177/600]  loss: 1.2562  accuracy: 74.48%  val_loss: 1.7007  val_accuracy: 64.90%
  Epoch [178/600]  loss: 1.2770  accuracy: 74.05%  val_loss: 1.6772  val_accuracy: 64.11%
  Epoch [179/600]  loss: 1.2424  accuracy: 74.68%  val_loss: 1.6558  val_accuracy: 66.09%
  Epoch [180/600]  loss: 1.2479  accuracy: 76.00%  val_loss: 1.6628  val_accuracy: 64.37%
  Epoch [181/600]  loss: 1.2482  accuracy: 74.31%  val_loss: 1.6603  val_accuracy: 65.70%
  Epoch [182/600]  loss: 1.2438  accuracy: 76.04%  val_loss: 1.6717  val_accuracy: 66.75%
  Epoch [183/600]  loss: 1.2426  accuracy: 76.00%  val_loss: 1.6970  val_accuracy: 65.30%
  Epoch [184/600]  loss: 1.2562  accuracy: 74.68%  val_loss: 1.6939  val_accuracy: 62.78%
  Epoch [185/600]  loss: 1.2275  accuracy: 75.44%  val_loss: 1.6409  val_accuracy: 66.23%
  Epoch [186/600]  loss: 1.2147  accuracy: 77.16%  val_loss: 1.6879  val_accuracy: 65.70%
  Epoch [187/600]  loss: 1.2137  accuracy: 77.43%  val_loss: 1.6581  val_accuracy: 66.36%
  Epoch [188/600]  loss: 1.2455  accuracy: 75.47%  val_loss: 1.6543  val_accuracy: 63.44%
  Epoch [189/600]  loss: 1.2074  accuracy: 77.30%  val_loss: 1.6558  val_accuracy: 65.70%
  Epoch [190/600]  loss: 1.2123  accuracy: 77.06%  val_loss: 1.6772  val_accuracy: 65.17%
  Epoch [191/600]  loss: 1.2004  accuracy: 77.63%  val_loss: 1.6515  val_accuracy: 65.17%
  Epoch [192/600]  loss: 1.2044  accuracy: 76.53%  val_loss: 1.6538  val_accuracy: 66.23%
  Epoch [193/600]  loss: 1.2337  accuracy: 76.50%  val_loss: 1.6702  val_accuracy: 65.03%
  Epoch [194/600]  loss: 1.2068  accuracy: 76.20%  val_loss: 1.6724  val_accuracy: 64.90%
  Epoch [195/600]  loss: 1.2277  accuracy: 76.33%  val_loss: 1.6862  val_accuracy: 64.77%
  Epoch [196/600]  loss: 1.1844  accuracy: 77.56%  val_loss: 1.6836  val_accuracy: 64.24%
  Epoch [197/600]  loss: 1.1764  accuracy: 77.39%  val_loss: 1.6779  val_accuracy: 66.23%
  Epoch [198/600]  loss: 1.2225  accuracy: 76.17%  val_loss: 1.6893  val_accuracy: 64.37%
  Epoch [199/600]  loss: 1.1998  accuracy: 77.03%  val_loss: 1.6567  val_accuracy: 65.83%
  Epoch [200/600]  loss: 1.2003  accuracy: 77.30%  val_loss: 1.6623  val_accuracy: 65.96%
  Epoch [201/600]  loss: 1.1973  accuracy: 77.46%  val_loss: 1.6390  val_accuracy: 66.36%
  Epoch [202/600]  loss: 1.1805  accuracy: 77.99%  val_loss: 1.6680  val_accuracy: 66.09%
  Epoch [203/600]  loss: 1.2004  accuracy: 76.83%  val_loss: 1.6662  val_accuracy: 64.77%
  Epoch [204/600]  loss: 1.1945  accuracy: 77.69%  val_loss: 1.6667  val_accuracy: 65.17%
  Epoch [205/600]  loss: 1.1834  accuracy: 77.59%  val_loss: 1.6602  val_accuracy: 64.90%
  Epoch [206/600]  loss: 1.1827  accuracy: 78.26%  val_loss: 1.6585  val_accuracy: 64.37%
  Epoch [207/600]  loss: 1.1828  accuracy: 77.73%  val_loss: 1.6863  val_accuracy: 64.90%
  Epoch [208/600]  loss: 1.1839  accuracy: 77.76%  val_loss: 1.6462  val_accuracy: 66.62%
  Epoch [209/600]  loss: 1.1778  accuracy: 78.82%  val_loss: 1.6338  val_accuracy: 67.02%
  Epoch [210/600]  loss: 1.1670  accuracy: 78.49%  val_loss: 1.6682  val_accuracy: 63.44%
  Epoch [211/600]  loss: 1.2018  accuracy: 77.99%  val_loss: 1.7009  val_accuracy: 62.65%
  Epoch [212/600]  loss: 1.1652  accuracy: 78.85%  val_loss: 1.6633  val_accuracy: 65.56%
  Epoch [213/600]  loss: 1.1749  accuracy: 78.19%  val_loss: 1.6651  val_accuracy: 64.50%
  Epoch [214/600]  loss: 1.1428  accuracy: 78.92%  val_loss: 1.6513  val_accuracy: 65.03%
  Epoch [215/600]  loss: 1.1854  accuracy: 77.39%  val_loss: 1.6384  val_accuracy: 66.36%
  Epoch [216/600]  loss: 1.1820  accuracy: 77.79%  val_loss: 1.6759  val_accuracy: 64.11%
  Epoch [217/600]  loss: 1.1856  accuracy: 77.76%  val_loss: 1.6937  val_accuracy: 65.56%
  Epoch [218/600]  loss: 1.1629  accuracy: 78.42%  val_loss: 1.6322  val_accuracy: 65.96%
  Epoch [219/600]  loss: 1.1859  accuracy: 77.59%  val_loss: 1.6528  val_accuracy: 65.56%
  Epoch [220/600]  loss: 1.1566  accuracy: 79.02%  val_loss: 1.6736  val_accuracy: 65.03%
  Epoch [221/600]  loss: 1.1293  accuracy: 78.92%  val_loss: 1.6635  val_accuracy: 66.09%
  Epoch [222/600]  loss: 1.1450  accuracy: 78.69%  val_loss: 1.6801  val_accuracy: 66.23%
  Epoch [223/600]  loss: 1.1607  accuracy: 79.02%  val_loss: 1.6559  val_accuracy: 66.62%
  Epoch [224/600]  loss: 1.1701  accuracy: 78.65%  val_loss: 1.6470  val_accuracy: 64.24%
  Epoch [225/600]  loss: 1.1544  accuracy: 79.32%  val_loss: 1.6453  val_accuracy: 67.42%
  Epoch [226/600]  loss: 1.1524  accuracy: 78.52%  val_loss: 1.6374  val_accuracy: 65.70%
  Epoch [227/600]  loss: 1.1473  accuracy: 79.55%  val_loss: 1.6539  val_accuracy: 67.15%
  Epoch [228/600]  loss: 1.1371  accuracy: 80.81%  val_loss: 1.6313  val_accuracy: 68.08%
  Epoch [229/600]  loss: 1.1371  accuracy: 79.81%  val_loss: 1.6925  val_accuracy: 64.24%
  Epoch [230/600]  loss: 1.1525  accuracy: 78.99%  val_loss: 1.6637  val_accuracy: 65.17%
  Epoch [231/600]  loss: 1.1350  accuracy: 80.41%  val_loss: 1.6738  val_accuracy: 66.62%
  Epoch [232/600]  loss: 1.1359  accuracy: 80.01%  val_loss: 1.6435  val_accuracy: 65.70%
  Epoch [233/600]  loss: 1.1465  accuracy: 80.28%  val_loss: 1.6634  val_accuracy: 66.09%
  Epoch [234/600]  loss: 1.1308  accuracy: 80.05%  val_loss: 1.6443  val_accuracy: 65.96%
  Epoch [235/600]  loss: 1.1613  accuracy: 79.78%  val_loss: 1.6315  val_accuracy: 67.02%
  Epoch [236/600]  loss: 1.1576  accuracy: 80.01%  val_loss: 1.6543  val_accuracy: 66.75%
  Epoch [237/600]  loss: 1.1133  accuracy: 81.27%  val_loss: 1.6843  val_accuracy: 65.56%
  Epoch [238/600]  loss: 1.1280  accuracy: 79.65%  val_loss: 1.6588  val_accuracy: 65.03%
  Epoch [239/600]  loss: 1.1291  accuracy: 80.71%  val_loss: 1.6706  val_accuracy: 65.03%
  Epoch [240/600]  loss: 1.0898  accuracy: 82.66%  val_loss: 1.6720  val_accuracy: 66.62%
  Epoch [241/600]  loss: 1.1295  accuracy: 81.21%  val_loss: 1.6700  val_accuracy: 64.37%
  Epoch [242/600]  loss: 1.1355  accuracy: 80.25%  val_loss: 1.6733  val_accuracy: 65.96%
  Epoch [243/600]  loss: 1.1121  accuracy: 81.01%  val_loss: 1.6691  val_accuracy: 66.62%
  Epoch [244/600]  loss: 1.1276  accuracy: 81.34%  val_loss: 1.6466  val_accuracy: 65.96%
  Epoch [245/600]  loss: 1.1296  accuracy: 79.65%  val_loss: 1.6487  val_accuracy: 67.42%
  Epoch [246/600]  loss: 1.1191  accuracy: 81.44%  val_loss: 1.6629  val_accuracy: 66.49%
  Epoch [247/600]  loss: 1.1154  accuracy: 81.27%  val_loss: 1.6398  val_accuracy: 66.23%
  Epoch [248/600]  loss: 1.0977  accuracy: 83.53%  val_loss: 1.6599  val_accuracy: 67.81%
  Epoch [249/600]  loss: 1.1203  accuracy: 81.21%  val_loss: 1.6443  val_accuracy: 67.42%
  Epoch [250/600]  loss: 1.0944  accuracy: 81.87%  val_loss: 1.6746  val_accuracy: 66.23%
  Epoch [251/600]  loss: 1.0921  accuracy: 81.94%  val_loss: 1.6364  val_accuracy: 66.23%
  Epoch [252/600]  loss: 1.0996  accuracy: 81.90%  val_loss: 1.6376  val_accuracy: 66.62%
  Epoch [253/600]  loss: 1.1310  accuracy: 79.78%  val_loss: 1.6514  val_accuracy: 65.43%
  Epoch [254/600]  loss: 1.1181  accuracy: 81.74%  val_loss: 1.6538  val_accuracy: 63.84%
  Epoch [255/600]  loss: 1.1126  accuracy: 81.47%  val_loss: 1.6607  val_accuracy: 66.09%
  Epoch [256/600]  loss: 1.1291  accuracy: 80.91%  val_loss: 1.6248  val_accuracy: 67.55%
  Epoch [257/600]  loss: 1.1114  accuracy: 81.34%  val_loss: 1.6519  val_accuracy: 66.89%
  Epoch [258/600]  loss: 1.0734  accuracy: 83.20%  val_loss: 1.6295  val_accuracy: 67.55%
  Epoch [259/600]  loss: 1.0933  accuracy: 82.20%  val_loss: 1.6531  val_accuracy: 65.17%
  Epoch [260/600]  loss: 1.1178  accuracy: 80.44%  val_loss: 1.6223  val_accuracy: 65.17%
  Epoch [261/600]  loss: 1.0909  accuracy: 82.07%  val_loss: 1.6366  val_accuracy: 66.36%
  Epoch [262/600]  loss: 1.1175  accuracy: 80.48%  val_loss: 1.6485  val_accuracy: 66.89%
  Epoch [263/600]  loss: 1.0805  accuracy: 82.57%  val_loss: 1.6513  val_accuracy: 65.96%
  Epoch [264/600]  loss: 1.0767  accuracy: 83.39%  val_loss: 1.6397  val_accuracy: 66.49%
  Epoch [265/600]  loss: 1.0928  accuracy: 81.94%  val_loss: 1.6499  val_accuracy: 65.30%
  Epoch [266/600]  loss: 1.1034  accuracy: 81.21%  val_loss: 1.6516  val_accuracy: 67.02%
  Epoch [267/600]  loss: 1.1014  accuracy: 81.87%  val_loss: 1.6203  val_accuracy: 67.42%
  Epoch [268/600]  loss: 1.0997  accuracy: 82.30%  val_loss: 1.6790  val_accuracy: 67.15%
  Epoch [269/600]  loss: 1.1178  accuracy: 81.47%  val_loss: 1.6880  val_accuracy: 66.49%
  Epoch [270/600]  loss: 1.0869  accuracy: 82.63%  val_loss: 1.6277  val_accuracy: 68.08%
  Epoch [271/600]  loss: 1.1073  accuracy: 82.50%  val_loss: 1.6524  val_accuracy: 66.36%
  Epoch [272/600]  loss: 1.1042  accuracy: 81.70%  val_loss: 1.6454  val_accuracy: 66.49%
  Epoch [273/600]  loss: 1.0705  accuracy: 82.57%  val_loss: 1.6223  val_accuracy: 66.23%
  Epoch [274/600]  loss: 1.0642  accuracy: 83.20%  val_loss: 1.6688  val_accuracy: 66.23%
  Epoch [275/600]  loss: 1.0858  accuracy: 83.46%  val_loss: 1.6394  val_accuracy: 66.36%
  Epoch [276/600]  loss: 1.0676  accuracy: 83.26%  val_loss: 1.6444  val_accuracy: 67.42%
  Epoch [277/600]  loss: 1.0687  accuracy: 83.39%  val_loss: 1.6291  val_accuracy: 66.09%
  Epoch [278/600]  loss: 1.0750  accuracy: 83.13%  val_loss: 1.6235  val_accuracy: 68.61%
  Epoch [279/600]  loss: 1.0742  accuracy: 82.93%  val_loss: 1.6545  val_accuracy: 66.49%
  Epoch [280/600]  loss: 1.0718  accuracy: 83.00%  val_loss: 1.6648  val_accuracy: 65.96%
  Epoch [281/600]  loss: 1.0664  accuracy: 83.59%  val_loss: 1.6427  val_accuracy: 66.49%
  Epoch [282/600]  loss: 1.0649  accuracy: 83.82%  val_loss: 1.6229  val_accuracy: 67.95%
  Epoch [283/600]  loss: 1.0574  accuracy: 84.26%  val_loss: 1.6397  val_accuracy: 66.62%
  Epoch [284/600]  loss: 1.0835  accuracy: 83.33%  val_loss: 1.6119  val_accuracy: 67.81%
  Epoch [285/600]  loss: 1.0799  accuracy: 82.20%  val_loss: 1.6417  val_accuracy: 66.75%
  Epoch [286/600]  loss: 1.0868  accuracy: 82.60%  val_loss: 1.6420  val_accuracy: 67.02%
  Epoch [287/600]  loss: 1.0580  accuracy: 83.96%  val_loss: 1.6335  val_accuracy: 65.56%
  Epoch [288/600]  loss: 1.0573  accuracy: 83.92%  val_loss: 1.6668  val_accuracy: 65.03%
  Epoch [289/600]  loss: 1.0589  accuracy: 83.63%  val_loss: 1.6618  val_accuracy: 65.30%
  Epoch [290/600]  loss: 1.0522  accuracy: 83.76%  val_loss: 1.6527  val_accuracy: 66.49%
  Epoch [291/600]  loss: 1.0651  accuracy: 83.73%  val_loss: 1.6285  val_accuracy: 67.15%
  Epoch [292/600]  loss: 1.0639  accuracy: 83.29%  val_loss: 1.6356  val_accuracy: 68.21%
  Epoch [293/600]  loss: 1.0704  accuracy: 84.19%  val_loss: 1.6399  val_accuracy: 67.15%
  Epoch [294/600]  loss: 1.0589  accuracy: 83.89%  val_loss: 1.6188  val_accuracy: 66.89%
  Epoch [295/600]  loss: 1.0607  accuracy: 83.76%  val_loss: 1.6299  val_accuracy: 68.87%
  Epoch [296/600]  loss: 1.0470  accuracy: 83.73%  val_loss: 1.6356  val_accuracy: 65.96%
  Epoch [297/600]  loss: 1.0302  accuracy: 85.25%  val_loss: 1.6489  val_accuracy: 67.02%
  Epoch [298/600]  loss: 1.0886  accuracy: 82.43%  val_loss: 1.6392  val_accuracy: 67.81%
  Epoch [299/600]  loss: 1.0305  accuracy: 84.82%  val_loss: 1.6606  val_accuracy: 64.77%
  Epoch [300/600]  loss: 1.0338  accuracy: 85.02%  val_loss: 1.6218  val_accuracy: 66.49%
  Epoch [301/600]  loss: 1.0307  accuracy: 84.99%  val_loss: 1.6351  val_accuracy: 67.81%
  Epoch [302/600]  loss: 1.0526  accuracy: 84.02%  val_loss: 1.6584  val_accuracy: 66.23%
  Epoch [303/600]  loss: 1.0611  accuracy: 83.73%  val_loss: 1.6484  val_accuracy: 65.96%
  Epoch [304/600]  loss: 1.0356  accuracy: 84.09%  val_loss: 1.6497  val_accuracy: 66.75%
  Epoch [305/600]  loss: 1.0416  accuracy: 84.85%  val_loss: 1.6499  val_accuracy: 67.95%
  Epoch [306/600]  loss: 1.0464  accuracy: 84.75%  val_loss: 1.6821  val_accuracy: 66.89%
  Epoch [307/600]  loss: 1.0338  accuracy: 84.12%  val_loss: 1.6677  val_accuracy: 65.03%
  Epoch [308/600]  loss: 1.0425  accuracy: 84.45%  val_loss: 1.6548  val_accuracy: 67.02%
  Epoch [309/600]  loss: 1.0387  accuracy: 84.79%  val_loss: 1.6370  val_accuracy: 67.15%
  Epoch [310/600]  loss: 1.0657  accuracy: 83.56%  val_loss: 1.6547  val_accuracy: 66.89%
  Epoch [311/600]  loss: 1.0324  accuracy: 85.65%  val_loss: 1.6404  val_accuracy: 67.81%
  Epoch [312/600]  loss: 1.0277  accuracy: 85.02%  val_loss: 1.6930  val_accuracy: 65.17%
  Epoch [313/600]  loss: 1.0257  accuracy: 84.89%  val_loss: 1.6726  val_accuracy: 66.49%
  Epoch [314/600]  loss: 1.0422  accuracy: 84.29%  val_loss: 1.6469  val_accuracy: 67.55%
  Epoch [315/600]  loss: 1.0314  accuracy: 85.65%  val_loss: 1.6628  val_accuracy: 67.02%
  Epoch [316/600]  loss: 1.0403  accuracy: 84.16%  val_loss: 1.6525  val_accuracy: 66.36%
  Epoch [317/600]  loss: 1.0191  accuracy: 85.28%  val_loss: 1.6488  val_accuracy: 67.02%
  Epoch [318/600]  loss: 0.9877  accuracy: 86.68%  val_loss: 1.6800  val_accuracy: 66.23%
  Epoch [319/600]  loss: 1.0409  accuracy: 84.82%  val_loss: 1.6492  val_accuracy: 66.89%
  Epoch [320/600]  loss: 1.0541  accuracy: 84.59%  val_loss: 1.6690  val_accuracy: 67.55%
  Epoch [321/600]  loss: 1.0186  accuracy: 85.25%  val_loss: 1.6375  val_accuracy: 67.15%
  Epoch [322/600]  loss: 1.0385  accuracy: 85.18%  val_loss: 1.6277  val_accuracy: 67.15%
  Epoch [323/600]  loss: 1.0192  accuracy: 85.35%  val_loss: 1.6569  val_accuracy: 67.42%
  Epoch [324/600]  loss: 1.0311  accuracy: 84.92%  val_loss: 1.6723  val_accuracy: 65.96%
  Epoch [325/600]  loss: 1.0308  accuracy: 85.45%  val_loss: 1.6332  val_accuracy: 67.55%
  Epoch [326/600]  loss: 1.0266  accuracy: 85.68%  val_loss: 1.6351  val_accuracy: 66.36%
  Epoch [327/600]  loss: 1.0080  accuracy: 86.38%  val_loss: 1.6318  val_accuracy: 67.15%
  Epoch [328/600]  loss: 1.0181  accuracy: 85.35%  val_loss: 1.6280  val_accuracy: 67.81%
  Epoch [329/600]  loss: 1.0232  accuracy: 85.02%  val_loss: 1.6159  val_accuracy: 66.62%
  Epoch [330/600]  loss: 1.0104  accuracy: 86.21%  val_loss: 1.6478  val_accuracy: 67.28%
  Epoch [331/600]  loss: 1.0005  accuracy: 86.51%  val_loss: 1.6467  val_accuracy: 68.34%
  Epoch [332/600]  loss: 1.0094  accuracy: 86.21%  val_loss: 1.6496  val_accuracy: 68.08%
  Epoch [333/600]  loss: 1.0052  accuracy: 86.38%  val_loss: 1.6593  val_accuracy: 66.36%
  Epoch [334/600]  loss: 1.0247  accuracy: 86.01%  val_loss: 1.6638  val_accuracy: 64.90%
  Epoch [335/600]  loss: 1.0209  accuracy: 85.65%  val_loss: 1.6577  val_accuracy: 66.36%
  Epoch [336/600]  loss: 1.0004  accuracy: 85.98%  val_loss: 1.6854  val_accuracy: 65.56%
  Epoch [337/600]  loss: 1.0063  accuracy: 86.48%  val_loss: 1.6174  val_accuracy: 67.68%
  Epoch [338/600]  loss: 0.9949  accuracy: 86.97%  val_loss: 1.6493  val_accuracy: 67.55%
  Epoch [339/600]  loss: 1.0064  accuracy: 86.44%  val_loss: 1.6567  val_accuracy: 66.49%
  Epoch [340/600]  loss: 1.0086  accuracy: 86.61%  val_loss: 1.6537  val_accuracy: 67.42%
  Epoch [341/600]  loss: 0.9965  accuracy: 86.64%  val_loss: 1.6538  val_accuracy: 67.81%
  Epoch [342/600]  loss: 0.9936  accuracy: 86.91%  val_loss: 1.6633  val_accuracy: 67.15%
  Epoch [343/600]  loss: 0.9943  accuracy: 86.64%  val_loss: 1.6494  val_accuracy: 67.02%
  Epoch [344/600]  loss: 1.0082  accuracy: 85.78%  val_loss: 1.6615  val_accuracy: 65.96%
  Epoch [345/600]  loss: 1.0002  accuracy: 85.75%  val_loss: 1.6975  val_accuracy: 64.90%
  Epoch [346/600]  loss: 0.9983  accuracy: 86.97%  val_loss: 1.6204  val_accuracy: 67.55%
  Epoch [347/600]  loss: 0.9978  accuracy: 86.41%  val_loss: 1.6299  val_accuracy: 68.61%
  Epoch [348/600]  loss: 0.9918  accuracy: 87.27%  val_loss: 1.6384  val_accuracy: 67.15%
  Epoch [349/600]  loss: 0.9996  accuracy: 86.91%  val_loss: 1.6622  val_accuracy: 66.23%
  Epoch [350/600]  loss: 0.9730  accuracy: 87.60%  val_loss: 1.6535  val_accuracy: 68.08%
  Epoch [351/600]  loss: 0.9829  accuracy: 87.40%  val_loss: 1.6145  val_accuracy: 68.61%
  Epoch [352/600]  loss: 0.9718  accuracy: 87.74%  val_loss: 1.6481  val_accuracy: 68.34%
  Epoch [353/600]  loss: 0.9882  accuracy: 87.47%  val_loss: 1.6372  val_accuracy: 67.28%
  Epoch [354/600]  loss: 0.9981  accuracy: 87.27%  val_loss: 1.6280  val_accuracy: 68.08%
  Epoch [355/600]  loss: 0.9825  accuracy: 87.50%  val_loss: 1.6363  val_accuracy: 67.68%
  Epoch [356/600]  loss: 1.0120  accuracy: 86.44%  val_loss: 1.6368  val_accuracy: 69.01%
  Epoch [357/600]  loss: 0.9777  accuracy: 88.53%  val_loss: 1.6613  val_accuracy: 67.42%
  Epoch [358/600]  loss: 0.9893  accuracy: 87.94%  val_loss: 1.6257  val_accuracy: 68.61%
  Epoch [359/600]  loss: 0.9765  accuracy: 88.23%  val_loss: 1.6476  val_accuracy: 67.28%
  Early stopping triggered after 359 epochs (no improvement for 75 epochs).

  Fold 3 result: val_loss: 1.6119  val_accuracy: 67.81%

Fold [4 / 5]
----------------------------------------------------------------------
  Epoch [1/600]  loss: 3.0170  accuracy: 18.22%  val_loss: 2.2891  val_accuracy: 36.47%
  Epoch [2/600]  loss: 2.3350  accuracy: 27.80%  val_loss: 2.2861  val_accuracy: 37.00%
  Epoch [3/600]  loss: 2.2532  accuracy: 29.75%  val_loss: 2.0669  val_accuracy: 43.10%
  Epoch [4/600]  loss: 2.2150  accuracy: 30.78%  val_loss: 2.0214  val_accuracy: 44.83%
  Epoch [5/600]  loss: 2.1569  accuracy: 32.77%  val_loss: 2.0446  val_accuracy: 40.72%
  Epoch [6/600]  loss: 2.1199  accuracy: 35.16%  val_loss: 1.9561  val_accuracy: 48.01%
  Epoch [7/600]  loss: 2.0813  accuracy: 37.51%  val_loss: 2.0121  val_accuracy: 45.49%
  Epoch [8/600]  loss: 2.0709  accuracy: 37.11%  val_loss: 1.9638  val_accuracy: 48.14%
  Epoch [9/600]  loss: 2.0229  accuracy: 39.33%  val_loss: 2.0093  val_accuracy: 46.55%
  Epoch [10/600]  loss: 2.0468  accuracy: 38.73%  val_loss: 1.9814  val_accuracy: 46.02%
  Epoch [11/600]  loss: 2.0071  accuracy: 40.09%  val_loss: 1.9682  val_accuracy: 46.68%
  Epoch [12/600]  loss: 1.9842  accuracy: 39.70%  val_loss: 1.9551  val_accuracy: 46.82%
  Epoch [13/600]  loss: 1.9486  accuracy: 41.35%  val_loss: 1.9863  val_accuracy: 46.15%
  Epoch [14/600]  loss: 1.9581  accuracy: 42.94%  val_loss: 1.9122  val_accuracy: 50.27%
  Epoch [15/600]  loss: 1.9482  accuracy: 41.19%  val_loss: 1.9248  val_accuracy: 49.73%
  Epoch [16/600]  loss: 1.9195  accuracy: 43.17%  val_loss: 1.9239  val_accuracy: 51.86%
  Epoch [17/600]  loss: 1.9017  accuracy: 43.51%  val_loss: 1.9003  val_accuracy: 50.40%
  Epoch [18/600]  loss: 1.9070  accuracy: 43.87%  val_loss: 1.9289  val_accuracy: 49.87%
  Epoch [19/600]  loss: 1.8863  accuracy: 45.56%  val_loss: 1.9118  val_accuracy: 50.27%
  Epoch [20/600]  loss: 1.8686  accuracy: 45.63%  val_loss: 1.8799  val_accuracy: 53.05%
  Epoch [21/600]  loss: 1.8801  accuracy: 45.63%  val_loss: 1.8990  val_accuracy: 49.87%
  Epoch [22/600]  loss: 1.8362  accuracy: 47.22%  val_loss: 1.8869  val_accuracy: 49.73%
  Epoch [23/600]  loss: 1.8381  accuracy: 46.22%  val_loss: 1.9322  val_accuracy: 48.54%
  Epoch [24/600]  loss: 1.8229  accuracy: 47.51%  val_loss: 1.8782  val_accuracy: 52.79%
  Epoch [25/600]  loss: 1.8396  accuracy: 47.08%  val_loss: 1.8938  val_accuracy: 52.25%
  Epoch [26/600]  loss: 1.8080  accuracy: 47.98%  val_loss: 1.8502  val_accuracy: 52.52%
  Epoch [27/600]  loss: 1.7997  accuracy: 48.21%  val_loss: 1.8710  val_accuracy: 52.65%
  Epoch [28/600]  loss: 1.7918  accuracy: 48.51%  val_loss: 1.8828  val_accuracy: 51.99%
  Epoch [29/600]  loss: 1.7960  accuracy: 48.84%  val_loss: 1.8796  val_accuracy: 50.13%
  Epoch [30/600]  loss: 1.7970  accuracy: 47.81%  val_loss: 1.8769  val_accuracy: 52.79%
  Epoch [31/600]  loss: 1.7707  accuracy: 49.60%  val_loss: 1.8489  val_accuracy: 51.86%
  Epoch [32/600]  loss: 1.7648  accuracy: 49.30%  val_loss: 1.8536  val_accuracy: 51.86%
  Epoch [33/600]  loss: 1.7573  accuracy: 49.24%  val_loss: 1.8748  val_accuracy: 50.66%
  Epoch [34/600]  loss: 1.7731  accuracy: 49.87%  val_loss: 1.8428  val_accuracy: 52.92%
  Epoch [35/600]  loss: 1.7437  accuracy: 49.87%  val_loss: 1.8689  val_accuracy: 52.39%
  Epoch [36/600]  loss: 1.7404  accuracy: 50.10%  val_loss: 1.8555  val_accuracy: 54.51%
  Epoch [37/600]  loss: 1.7341  accuracy: 50.20%  val_loss: 1.8671  val_accuracy: 54.64%
  Epoch [38/600]  loss: 1.7243  accuracy: 51.23%  val_loss: 1.8551  val_accuracy: 52.92%
  Epoch [39/600]  loss: 1.7095  accuracy: 52.25%  val_loss: 1.8669  val_accuracy: 52.79%
  Epoch [40/600]  loss: 1.7086  accuracy: 52.42%  val_loss: 1.8627  val_accuracy: 52.79%
  Epoch [41/600]  loss: 1.7052  accuracy: 52.92%  val_loss: 1.8642  val_accuracy: 53.71%
  Epoch [42/600]  loss: 1.6727  accuracy: 52.65%  val_loss: 1.8150  val_accuracy: 54.38%
  Epoch [43/600]  loss: 1.6819  accuracy: 52.85%  val_loss: 1.8168  val_accuracy: 57.16%
  Epoch [44/600]  loss: 1.6957  accuracy: 53.11%  val_loss: 1.8705  val_accuracy: 54.77%
  Epoch [45/600]  loss: 1.6748  accuracy: 52.88%  val_loss: 1.8470  val_accuracy: 56.23%
  Epoch [46/600]  loss: 1.6723  accuracy: 53.18%  val_loss: 1.8220  val_accuracy: 56.10%
  Epoch [47/600]  loss: 1.6703  accuracy: 53.81%  val_loss: 1.8300  val_accuracy: 56.23%
  Epoch [48/600]  loss: 1.6762  accuracy: 52.85%  val_loss: 1.8397  val_accuracy: 55.17%
  Epoch [49/600]  loss: 1.6608  accuracy: 54.61%  val_loss: 1.8239  val_accuracy: 55.70%
  Epoch [50/600]  loss: 1.6375  accuracy: 55.10%  val_loss: 1.8287  val_accuracy: 57.29%
  Epoch [51/600]  loss: 1.6444  accuracy: 54.24%  val_loss: 1.7838  val_accuracy: 58.09%
  Epoch [52/600]  loss: 1.6316  accuracy: 55.57%  val_loss: 1.8119  val_accuracy: 58.36%
  Epoch [53/600]  loss: 1.6112  accuracy: 56.43%  val_loss: 1.7721  val_accuracy: 56.23%
  Epoch [54/600]  loss: 1.6220  accuracy: 57.06%  val_loss: 1.8459  val_accuracy: 55.17%
  Epoch [55/600]  loss: 1.6096  accuracy: 55.57%  val_loss: 1.8284  val_accuracy: 57.82%
  Epoch [56/600]  loss: 1.6195  accuracy: 55.70%  val_loss: 1.8100  val_accuracy: 57.96%
  Epoch [57/600]  loss: 1.6208  accuracy: 56.30%  val_loss: 1.8192  val_accuracy: 59.15%
  Epoch [58/600]  loss: 1.6099  accuracy: 56.20%  val_loss: 1.7902  val_accuracy: 59.95%
  Epoch [59/600]  loss: 1.6098  accuracy: 57.09%  val_loss: 1.8217  val_accuracy: 56.90%
  Epoch [60/600]  loss: 1.5936  accuracy: 57.62%  val_loss: 1.8063  val_accuracy: 59.68%
  Epoch [61/600]  loss: 1.5984  accuracy: 56.99%  val_loss: 1.8148  val_accuracy: 57.43%
  Epoch [62/600]  loss: 1.5788  accuracy: 58.42%  val_loss: 1.7847  val_accuracy: 56.50%
  Epoch [63/600]  loss: 1.5884  accuracy: 57.99%  val_loss: 1.7883  val_accuracy: 60.61%
  Epoch [64/600]  loss: 1.5935  accuracy: 57.95%  val_loss: 1.8074  val_accuracy: 60.34%
  Epoch [65/600]  loss: 1.5812  accuracy: 57.75%  val_loss: 1.7744  val_accuracy: 57.16%
  Epoch [66/600]  loss: 1.5850  accuracy: 59.08%  val_loss: 1.7858  val_accuracy: 61.01%
  Epoch [67/600]  loss: 1.5603  accuracy: 58.28%  val_loss: 1.7579  val_accuracy: 60.61%
  Epoch [68/600]  loss: 1.5599  accuracy: 59.44%  val_loss: 1.7705  val_accuracy: 56.90%
  Epoch [69/600]  loss: 1.5580  accuracy: 58.91%  val_loss: 1.7481  val_accuracy: 63.40%
  Epoch [70/600]  loss: 1.5858  accuracy: 58.48%  val_loss: 1.7616  val_accuracy: 59.55%
  Epoch [71/600]  loss: 1.5733  accuracy: 58.81%  val_loss: 1.7724  val_accuracy: 57.16%
  Epoch [72/600]  loss: 1.5338  accuracy: 61.27%  val_loss: 1.7944  val_accuracy: 58.09%
  Epoch [73/600]  loss: 1.5593  accuracy: 60.11%  val_loss: 1.7997  val_accuracy: 59.28%
  Epoch [74/600]  loss: 1.5315  accuracy: 60.67%  val_loss: 1.8346  val_accuracy: 55.31%
  Epoch [75/600]  loss: 1.5637  accuracy: 59.94%  val_loss: 1.7741  val_accuracy: 61.41%
  Epoch [76/600]  loss: 1.5428  accuracy: 60.93%  val_loss: 1.8169  val_accuracy: 59.68%
  Epoch [77/600]  loss: 1.5341  accuracy: 59.87%  val_loss: 1.8009  val_accuracy: 58.09%
  Epoch [78/600]  loss: 1.5195  accuracy: 62.23%  val_loss: 1.7582  val_accuracy: 59.15%
  Epoch [79/600]  loss: 1.5284  accuracy: 61.86%  val_loss: 1.7627  val_accuracy: 60.21%
  Epoch [80/600]  loss: 1.5309  accuracy: 61.10%  val_loss: 1.7597  val_accuracy: 62.73%
  Epoch [81/600]  loss: 1.5254  accuracy: 61.60%  val_loss: 1.7930  val_accuracy: 59.81%
  Epoch [82/600]  loss: 1.5102  accuracy: 61.40%  val_loss: 1.7718  val_accuracy: 59.68%
  Epoch [83/600]  loss: 1.5310  accuracy: 61.07%  val_loss: 1.7622  val_accuracy: 60.48%
  Epoch [84/600]  loss: 1.5322  accuracy: 61.03%  val_loss: 1.7504  val_accuracy: 63.26%
  Epoch [85/600]  loss: 1.5126  accuracy: 62.06%  val_loss: 1.7552  val_accuracy: 62.33%
  Epoch [86/600]  loss: 1.5193  accuracy: 63.06%  val_loss: 1.7547  val_accuracy: 63.00%
  Epoch [87/600]  loss: 1.5088  accuracy: 62.13%  val_loss: 1.7763  val_accuracy: 61.54%
  Epoch [88/600]  loss: 1.5113  accuracy: 61.46%  val_loss: 1.7438  val_accuracy: 62.47%
  Epoch [89/600]  loss: 1.4825  accuracy: 63.22%  val_loss: 1.7600  val_accuracy: 62.73%
  Epoch [90/600]  loss: 1.4841  accuracy: 63.29%  val_loss: 1.7708  val_accuracy: 60.48%
  Epoch [91/600]  loss: 1.5010  accuracy: 62.13%  val_loss: 1.7435  val_accuracy: 63.00%
  Epoch [92/600]  loss: 1.4745  accuracy: 64.28%  val_loss: 1.7491  val_accuracy: 61.94%
  Epoch [93/600]  loss: 1.4816  accuracy: 64.08%  val_loss: 1.7753  val_accuracy: 62.73%
  Epoch [94/600]  loss: 1.4793  accuracy: 63.88%  val_loss: 1.7542  val_accuracy: 61.80%
  Epoch [95/600]  loss: 1.4578  accuracy: 64.05%  val_loss: 1.7505  val_accuracy: 61.01%
  Epoch [96/600]  loss: 1.4591  accuracy: 64.91%  val_loss: 1.7450  val_accuracy: 61.41%
  Epoch [97/600]  loss: 1.4603  accuracy: 63.25%  val_loss: 1.7343  val_accuracy: 63.13%
  Epoch [98/600]  loss: 1.4652  accuracy: 64.35%  val_loss: 1.7291  val_accuracy: 62.20%
  Epoch [99/600]  loss: 1.4448  accuracy: 64.21%  val_loss: 1.7136  val_accuracy: 63.93%
  Epoch [100/600]  loss: 1.4557  accuracy: 65.87%  val_loss: 1.7341  val_accuracy: 62.07%
  Epoch [101/600]  loss: 1.4509  accuracy: 66.04%  val_loss: 1.7301  val_accuracy: 63.79%
  Epoch [102/600]  loss: 1.4565  accuracy: 65.34%  val_loss: 1.7375  val_accuracy: 61.41%
  Epoch [103/600]  loss: 1.4407  accuracy: 64.91%  val_loss: 1.7329  val_accuracy: 62.47%
  Epoch [104/600]  loss: 1.4400  accuracy: 64.78%  val_loss: 1.7115  val_accuracy: 63.79%
  Epoch [105/600]  loss: 1.4206  accuracy: 66.37%  val_loss: 1.7362  val_accuracy: 61.94%
  Epoch [106/600]  loss: 1.4510  accuracy: 65.37%  val_loss: 1.7253  val_accuracy: 61.27%
  Epoch [107/600]  loss: 1.4341  accuracy: 66.14%  val_loss: 1.7210  val_accuracy: 62.73%
  Epoch [108/600]  loss: 1.4335  accuracy: 65.28%  val_loss: 1.7523  val_accuracy: 62.33%
  Epoch [109/600]  loss: 1.4246  accuracy: 66.57%  val_loss: 1.7399  val_accuracy: 63.13%
  Epoch [110/600]  loss: 1.4337  accuracy: 66.40%  val_loss: 1.7336  val_accuracy: 64.59%
  Epoch [111/600]  loss: 1.4242  accuracy: 67.00%  val_loss: 1.7252  val_accuracy: 62.73%
  Epoch [112/600]  loss: 1.4342  accuracy: 66.04%  val_loss: 1.7211  val_accuracy: 63.13%
  Epoch [113/600]  loss: 1.4357  accuracy: 66.17%  val_loss: 1.7345  val_accuracy: 62.60%
  Epoch [114/600]  loss: 1.4096  accuracy: 66.87%  val_loss: 1.7316  val_accuracy: 63.00%
  Epoch [115/600]  loss: 1.3981  accuracy: 67.30%  val_loss: 1.7355  val_accuracy: 63.79%
  Epoch [116/600]  loss: 1.4048  accuracy: 67.06%  val_loss: 1.7243  val_accuracy: 64.19%
  Epoch [117/600]  loss: 1.4167  accuracy: 66.83%  val_loss: 1.7823  val_accuracy: 64.19%
  Epoch [118/600]  loss: 1.4220  accuracy: 67.00%  val_loss: 1.7019  val_accuracy: 63.66%
  Epoch [119/600]  loss: 1.3931  accuracy: 67.66%  val_loss: 1.7428  val_accuracy: 64.85%
  Epoch [120/600]  loss: 1.3894  accuracy: 66.96%  val_loss: 1.7299  val_accuracy: 64.32%
  Epoch [121/600]  loss: 1.4141  accuracy: 67.00%  val_loss: 1.7589  val_accuracy: 64.72%
  Epoch [122/600]  loss: 1.4086  accuracy: 67.13%  val_loss: 1.7143  val_accuracy: 63.66%
  Epoch [123/600]  loss: 1.3866  accuracy: 68.42%  val_loss: 1.7287  val_accuracy: 62.33%
  Epoch [124/600]  loss: 1.3843  accuracy: 68.65%  val_loss: 1.6922  val_accuracy: 64.85%
  Epoch [125/600]  loss: 1.3982  accuracy: 68.39%  val_loss: 1.7236  val_accuracy: 63.00%
  Epoch [126/600]  loss: 1.3514  accuracy: 69.42%  val_loss: 1.7252  val_accuracy: 65.12%
  Epoch [127/600]  loss: 1.3939  accuracy: 66.93%  val_loss: 1.7314  val_accuracy: 62.73%
  Epoch [128/600]  loss: 1.3742  accuracy: 68.46%  val_loss: 1.7164  val_accuracy: 62.33%
  Epoch [129/600]  loss: 1.3598  accuracy: 68.59%  val_loss: 1.7091  val_accuracy: 64.46%
  Epoch [130/600]  loss: 1.3661  accuracy: 69.02%  val_loss: 1.7270  val_accuracy: 64.19%
  Epoch [131/600]  loss: 1.3627  accuracy: 69.25%  val_loss: 1.6991  val_accuracy: 62.86%
  Epoch [132/600]  loss: 1.3355  accuracy: 69.58%  val_loss: 1.7355  val_accuracy: 63.00%
  Epoch [133/600]  loss: 1.3592  accuracy: 69.55%  val_loss: 1.6990  val_accuracy: 63.40%
  Epoch [134/600]  loss: 1.3744  accuracy: 69.25%  val_loss: 1.7420  val_accuracy: 61.41%
  Epoch [135/600]  loss: 1.3599  accuracy: 69.81%  val_loss: 1.6974  val_accuracy: 63.53%
  Epoch [136/600]  loss: 1.3501  accuracy: 69.45%  val_loss: 1.6925  val_accuracy: 64.19%
  Epoch [137/600]  loss: 1.3436  accuracy: 69.35%  val_loss: 1.7299  val_accuracy: 61.41%
  Epoch [138/600]  loss: 1.3733  accuracy: 68.85%  val_loss: 1.7045  val_accuracy: 63.93%
  Epoch [139/600]  loss: 1.3192  accuracy: 69.88%  val_loss: 1.6826  val_accuracy: 63.26%
  Epoch [140/600]  loss: 1.3448  accuracy: 69.75%  val_loss: 1.7202  val_accuracy: 63.13%
  Epoch [141/600]  loss: 1.3465  accuracy: 69.91%  val_loss: 1.6915  val_accuracy: 64.06%
  Epoch [142/600]  loss: 1.3131  accuracy: 70.64%  val_loss: 1.7156  val_accuracy: 64.46%
  Epoch [143/600]  loss: 1.3498  accuracy: 70.01%  val_loss: 1.7115  val_accuracy: 62.86%
  Epoch [144/600]  loss: 1.3668  accuracy: 68.19%  val_loss: 1.6773  val_accuracy: 64.72%
  Epoch [145/600]  loss: 1.3243  accuracy: 70.68%  val_loss: 1.7101  val_accuracy: 64.32%
  Epoch [146/600]  loss: 1.3207  accuracy: 70.81%  val_loss: 1.7067  val_accuracy: 65.38%
  Epoch [147/600]  loss: 1.3311  accuracy: 70.64%  val_loss: 1.6909  val_accuracy: 63.13%
  Epoch [148/600]  loss: 1.3145  accuracy: 70.74%  val_loss: 1.7122  val_accuracy: 63.93%
  Epoch [149/600]  loss: 1.3097  accuracy: 71.34%  val_loss: 1.7041  val_accuracy: 62.86%
  Epoch [150/600]  loss: 1.3278  accuracy: 71.34%  val_loss: 1.7019  val_accuracy: 61.80%
  Epoch [151/600]  loss: 1.3287  accuracy: 70.25%  val_loss: 1.7011  val_accuracy: 63.26%
  Epoch [152/600]  loss: 1.3135  accuracy: 71.11%  val_loss: 1.6876  val_accuracy: 63.40%
  Epoch [153/600]  loss: 1.3141  accuracy: 71.44%  val_loss: 1.7256  val_accuracy: 64.59%
  Epoch [154/600]  loss: 1.3138  accuracy: 71.21%  val_loss: 1.6941  val_accuracy: 62.73%
  Epoch [155/600]  loss: 1.2774  accuracy: 72.07%  val_loss: 1.7229  val_accuracy: 63.66%
  Epoch [156/600]  loss: 1.3249  accuracy: 70.64%  val_loss: 1.6681  val_accuracy: 64.19%
  Epoch [157/600]  loss: 1.3200  accuracy: 71.57%  val_loss: 1.6912  val_accuracy: 65.12%
  Epoch [158/600]  loss: 1.3143  accuracy: 71.90%  val_loss: 1.7335  val_accuracy: 61.80%
  Epoch [159/600]  loss: 1.3034  accuracy: 71.34%  val_loss: 1.6930  val_accuracy: 62.86%
  Epoch [160/600]  loss: 1.2817  accuracy: 72.30%  val_loss: 1.7110  val_accuracy: 63.00%
  Epoch [161/600]  loss: 1.2793  accuracy: 72.30%  val_loss: 1.6805  val_accuracy: 63.13%
  Epoch [162/600]  loss: 1.2984  accuracy: 71.77%  val_loss: 1.7141  val_accuracy: 61.14%
  Epoch [163/600]  loss: 1.2913  accuracy: 71.94%  val_loss: 1.6768  val_accuracy: 64.85%
  Epoch [164/600]  loss: 1.2846  accuracy: 73.26%  val_loss: 1.6913  val_accuracy: 62.33%
  Epoch [165/600]  loss: 1.2619  accuracy: 73.13%  val_loss: 1.7106  val_accuracy: 62.47%
  Epoch [166/600]  loss: 1.2661  accuracy: 72.96%  val_loss: 1.7048  val_accuracy: 61.80%
  Epoch [167/600]  loss: 1.2649  accuracy: 73.29%  val_loss: 1.7031  val_accuracy: 63.00%
  Epoch [168/600]  loss: 1.2577  accuracy: 73.76%  val_loss: 1.6918  val_accuracy: 64.46%
  Epoch [169/600]  loss: 1.2496  accuracy: 73.33%  val_loss: 1.6770  val_accuracy: 63.66%
  Epoch [170/600]  loss: 1.2574  accuracy: 73.62%  val_loss: 1.7043  val_accuracy: 63.93%
  Epoch [171/600]  loss: 1.2392  accuracy: 74.59%  val_loss: 1.6974  val_accuracy: 64.19%
  Epoch [172/600]  loss: 1.2543  accuracy: 73.53%  val_loss: 1.6932  val_accuracy: 64.32%
  Epoch [173/600]  loss: 1.2803  accuracy: 72.07%  val_loss: 1.6845  val_accuracy: 63.53%
  Epoch [174/600]  loss: 1.2784  accuracy: 72.96%  val_loss: 1.7541  val_accuracy: 60.08%
  Epoch [175/600]  loss: 1.2502  accuracy: 74.16%  val_loss: 1.7112  val_accuracy: 62.47%
  Epoch [176/600]  loss: 1.2525  accuracy: 73.46%  val_loss: 1.7103  val_accuracy: 64.19%
  Epoch [177/600]  loss: 1.2513  accuracy: 74.35%  val_loss: 1.7229  val_accuracy: 62.20%
  Epoch [178/600]  loss: 1.2469  accuracy: 74.92%  val_loss: 1.7388  val_accuracy: 61.67%
  Epoch [179/600]  loss: 1.2627  accuracy: 73.92%  val_loss: 1.6972  val_accuracy: 64.06%
  Epoch [180/600]  loss: 1.2361  accuracy: 75.31%  val_loss: 1.7406  val_accuracy: 62.47%
  Epoch [181/600]  loss: 1.2491  accuracy: 73.03%  val_loss: 1.6749  val_accuracy: 64.72%
  Epoch [182/600]  loss: 1.2518  accuracy: 74.95%  val_loss: 1.7063  val_accuracy: 63.13%
  Epoch [183/600]  loss: 1.2221  accuracy: 75.55%  val_loss: 1.7090  val_accuracy: 61.94%
  Epoch [184/600]  loss: 1.2267  accuracy: 74.29%  val_loss: 1.7359  val_accuracy: 62.73%
  Epoch [185/600]  loss: 1.2329  accuracy: 74.88%  val_loss: 1.6937  val_accuracy: 64.72%
  Epoch [186/600]  loss: 1.2510  accuracy: 73.89%  val_loss: 1.7010  val_accuracy: 63.13%
  Epoch [187/600]  loss: 1.2093  accuracy: 75.58%  val_loss: 1.6954  val_accuracy: 62.60%
  Epoch [188/600]  loss: 1.2382  accuracy: 75.25%  val_loss: 1.6893  val_accuracy: 62.47%
  Epoch [189/600]  loss: 1.2096  accuracy: 76.34%  val_loss: 1.6735  val_accuracy: 66.45%
  Epoch [190/600]  loss: 1.2310  accuracy: 74.39%  val_loss: 1.7064  val_accuracy: 64.85%
  Epoch [191/600]  loss: 1.2142  accuracy: 75.91%  val_loss: 1.6909  val_accuracy: 65.25%
  Epoch [192/600]  loss: 1.2363  accuracy: 74.06%  val_loss: 1.6988  val_accuracy: 62.86%
  Epoch [193/600]  loss: 1.2274  accuracy: 75.58%  val_loss: 1.7166  val_accuracy: 63.66%
  Epoch [194/600]  loss: 1.2360  accuracy: 74.22%  val_loss: 1.7007  val_accuracy: 62.86%
  Epoch [195/600]  loss: 1.2030  accuracy: 75.81%  val_loss: 1.6873  val_accuracy: 62.60%
  Epoch [196/600]  loss: 1.2228  accuracy: 74.95%  val_loss: 1.6919  val_accuracy: 63.13%
  Epoch [197/600]  loss: 1.2286  accuracy: 75.25%  val_loss: 1.6819  val_accuracy: 64.59%
  Epoch [198/600]  loss: 1.2148  accuracy: 76.54%  val_loss: 1.6874  val_accuracy: 63.79%
  Epoch [199/600]  loss: 1.1912  accuracy: 76.67%  val_loss: 1.7006  val_accuracy: 62.20%
  Epoch [200/600]  loss: 1.1986  accuracy: 75.68%  val_loss: 1.7016  val_accuracy: 62.33%
  Epoch [201/600]  loss: 1.2004  accuracy: 75.55%  val_loss: 1.6950  val_accuracy: 63.93%
  Epoch [202/600]  loss: 1.2192  accuracy: 75.41%  val_loss: 1.7021  val_accuracy: 63.66%
  Epoch [203/600]  loss: 1.2110  accuracy: 76.47%  val_loss: 1.7105  val_accuracy: 61.94%
  Epoch [204/600]  loss: 1.2217  accuracy: 75.94%  val_loss: 1.6826  val_accuracy: 63.79%
  Epoch [205/600]  loss: 1.1811  accuracy: 76.91%  val_loss: 1.6931  val_accuracy: 61.67%
  Epoch [206/600]  loss: 1.2139  accuracy: 75.55%  val_loss: 1.6959  val_accuracy: 63.93%
  Epoch [207/600]  loss: 1.2110  accuracy: 75.98%  val_loss: 1.6759  val_accuracy: 64.46%
  Epoch [208/600]  loss: 1.1635  accuracy: 76.47%  val_loss: 1.7159  val_accuracy: 62.86%
  Epoch [209/600]  loss: 1.1863  accuracy: 76.28%  val_loss: 1.6792  val_accuracy: 62.86%
  Epoch [210/600]  loss: 1.2004  accuracy: 77.34%  val_loss: 1.6838  val_accuracy: 63.26%
  Epoch [211/600]  loss: 1.1944  accuracy: 76.31%  val_loss: 1.6851  val_accuracy: 64.19%
  Epoch [212/600]  loss: 1.1712  accuracy: 77.07%  val_loss: 1.6815  val_accuracy: 63.26%
  Epoch [213/600]  loss: 1.1674  accuracy: 77.50%  val_loss: 1.7007  val_accuracy: 63.66%
  Epoch [214/600]  loss: 1.1948  accuracy: 76.71%  val_loss: 1.6780  val_accuracy: 63.66%
  Epoch [215/600]  loss: 1.1949  accuracy: 76.34%  val_loss: 1.7064  val_accuracy: 61.94%
  Epoch [216/600]  loss: 1.1915  accuracy: 76.57%  val_loss: 1.6660  val_accuracy: 63.79%
  Epoch [217/600]  loss: 1.1834  accuracy: 77.63%  val_loss: 1.6499  val_accuracy: 65.52%
  Epoch [218/600]  loss: 1.1700  accuracy: 77.60%  val_loss: 1.6904  val_accuracy: 63.79%
  Epoch [219/600]  loss: 1.1567  accuracy: 78.26%  val_loss: 1.7075  val_accuracy: 62.60%
  Epoch [220/600]  loss: 1.1868  accuracy: 77.30%  val_loss: 1.7077  val_accuracy: 62.86%
  Epoch [221/600]  loss: 1.1752  accuracy: 77.47%  val_loss: 1.6926  val_accuracy: 61.94%
  Epoch [222/600]  loss: 1.1555  accuracy: 78.23%  val_loss: 1.6851  val_accuracy: 63.79%
  Epoch [223/600]  loss: 1.1802  accuracy: 77.50%  val_loss: 1.6815  val_accuracy: 64.72%
  Epoch [224/600]  loss: 1.1637  accuracy: 77.83%  val_loss: 1.6841  val_accuracy: 66.05%
  Epoch [225/600]  loss: 1.1557  accuracy: 77.17%  val_loss: 1.6856  val_accuracy: 63.40%
  Epoch [226/600]  loss: 1.1877  accuracy: 76.97%  val_loss: 1.6730  val_accuracy: 64.85%
  Epoch [227/600]  loss: 1.1539  accuracy: 78.20%  val_loss: 1.6801  val_accuracy: 65.12%
  Epoch [228/600]  loss: 1.1722  accuracy: 77.44%  val_loss: 1.6967  val_accuracy: 63.13%
  Epoch [229/600]  loss: 1.1560  accuracy: 78.46%  val_loss: 1.6744  val_accuracy: 62.86%
  Epoch [230/600]  loss: 1.1453  accuracy: 79.16%  val_loss: 1.6838  val_accuracy: 64.85%
  Epoch [231/600]  loss: 1.1667  accuracy: 77.37%  val_loss: 1.7031  val_accuracy: 62.47%
  Epoch [232/600]  loss: 1.1697  accuracy: 77.83%  val_loss: 1.7046  val_accuracy: 63.93%
  Epoch [233/600]  loss: 1.1495  accuracy: 78.33%  val_loss: 1.6772  val_accuracy: 62.73%
  Epoch [234/600]  loss: 1.1338  accuracy: 79.56%  val_loss: 1.7138  val_accuracy: 62.47%
  Epoch [235/600]  loss: 1.1449  accuracy: 78.53%  val_loss: 1.6935  val_accuracy: 62.20%
  Epoch [236/600]  loss: 1.1428  accuracy: 78.40%  val_loss: 1.7220  val_accuracy: 62.07%
  Epoch [237/600]  loss: 1.1275  accuracy: 79.46%  val_loss: 1.6993  val_accuracy: 64.06%
  Epoch [238/600]  loss: 1.1362  accuracy: 79.03%  val_loss: 1.7329  val_accuracy: 62.20%
  Epoch [239/600]  loss: 1.1442  accuracy: 79.03%  val_loss: 1.6887  val_accuracy: 63.40%
  Epoch [240/600]  loss: 1.1422  accuracy: 78.46%  val_loss: 1.7295  val_accuracy: 61.14%
  Epoch [241/600]  loss: 1.1223  accuracy: 79.49%  val_loss: 1.6960  val_accuracy: 63.53%
  Epoch [242/600]  loss: 1.1351  accuracy: 78.53%  val_loss: 1.6851  val_accuracy: 64.72%
  Epoch [243/600]  loss: 1.1287  accuracy: 79.56%  val_loss: 1.7126  val_accuracy: 61.94%
  Epoch [244/600]  loss: 1.1385  accuracy: 79.09%  val_loss: 1.6999  val_accuracy: 62.86%
  Epoch [245/600]  loss: 1.1255  accuracy: 79.95%  val_loss: 1.6894  val_accuracy: 62.33%
  Epoch [246/600]  loss: 1.1237  accuracy: 79.16%  val_loss: 1.6773  val_accuracy: 66.05%
  Epoch [247/600]  loss: 1.1404  accuracy: 79.79%  val_loss: 1.6786  val_accuracy: 64.32%
  Epoch [248/600]  loss: 1.1377  accuracy: 79.09%  val_loss: 1.6658  val_accuracy: 66.45%
  Epoch [249/600]  loss: 1.1310  accuracy: 79.39%  val_loss: 1.6802  val_accuracy: 65.78%
  Epoch [250/600]  loss: 1.1323  accuracy: 80.12%  val_loss: 1.6606  val_accuracy: 65.38%
  Epoch [251/600]  loss: 1.1355  accuracy: 79.22%  val_loss: 1.6934  val_accuracy: 64.32%
  Epoch [252/600]  loss: 1.1153  accuracy: 79.82%  val_loss: 1.6736  val_accuracy: 65.25%
  Epoch [253/600]  loss: 1.1257  accuracy: 79.46%  val_loss: 1.6994  val_accuracy: 62.73%
  Epoch [254/600]  loss: 1.1080  accuracy: 79.99%  val_loss: 1.7166  val_accuracy: 63.66%
  Epoch [255/600]  loss: 1.1253  accuracy: 79.75%  val_loss: 1.6823  val_accuracy: 63.13%
  Epoch [256/600]  loss: 1.1198  accuracy: 79.95%  val_loss: 1.6800  val_accuracy: 63.66%
  Epoch [257/600]  loss: 1.1413  accuracy: 78.83%  val_loss: 1.6721  val_accuracy: 64.72%
  Epoch [258/600]  loss: 1.1083  accuracy: 80.85%  val_loss: 1.6971  val_accuracy: 63.66%
  Epoch [259/600]  loss: 1.0960  accuracy: 80.91%  val_loss: 1.6857  val_accuracy: 64.32%
  Epoch [260/600]  loss: 1.0811  accuracy: 81.74%  val_loss: 1.6875  val_accuracy: 64.72%
  Epoch [261/600]  loss: 1.1041  accuracy: 79.59%  val_loss: 1.6957  val_accuracy: 63.93%
  Epoch [262/600]  loss: 1.1064  accuracy: 81.28%  val_loss: 1.6972  val_accuracy: 63.53%
  Epoch [263/600]  loss: 1.1425  accuracy: 79.69%  val_loss: 1.6922  val_accuracy: 63.79%
  Epoch [264/600]  loss: 1.1410  accuracy: 79.79%  val_loss: 1.6773  val_accuracy: 63.66%
  Epoch [265/600]  loss: 1.0897  accuracy: 80.65%  val_loss: 1.7057  val_accuracy: 63.66%
  Epoch [266/600]  loss: 1.1078  accuracy: 81.21%  val_loss: 1.6822  val_accuracy: 64.32%
  Epoch [267/600]  loss: 1.0931  accuracy: 80.72%  val_loss: 1.6921  val_accuracy: 63.93%
  Epoch [268/600]  loss: 1.0888  accuracy: 81.91%  val_loss: 1.7068  val_accuracy: 63.53%
  Epoch [269/600]  loss: 1.0994  accuracy: 80.65%  val_loss: 1.7047  val_accuracy: 64.46%
  Epoch [270/600]  loss: 1.0896  accuracy: 80.65%  val_loss: 1.6872  val_accuracy: 65.12%
  Epoch [271/600]  loss: 1.0824  accuracy: 81.88%  val_loss: 1.7011  val_accuracy: 63.79%
  Epoch [272/600]  loss: 1.0884  accuracy: 80.82%  val_loss: 1.6716  val_accuracy: 64.99%
  Epoch [273/600]  loss: 1.1012  accuracy: 80.85%  val_loss: 1.7173  val_accuracy: 64.99%
  Epoch [274/600]  loss: 1.0974  accuracy: 81.01%  val_loss: 1.6762  val_accuracy: 64.72%
  Epoch [275/600]  loss: 1.1021  accuracy: 80.48%  val_loss: 1.6702  val_accuracy: 64.59%
  Epoch [276/600]  loss: 1.0709  accuracy: 81.71%  val_loss: 1.6911  val_accuracy: 65.25%
  Epoch [277/600]  loss: 1.1241  accuracy: 80.55%  val_loss: 1.7149  val_accuracy: 64.72%
  Epoch [278/600]  loss: 1.0800  accuracy: 81.01%  val_loss: 1.6950  val_accuracy: 63.26%
  Epoch [279/600]  loss: 1.0611  accuracy: 81.97%  val_loss: 1.6928  val_accuracy: 64.85%
  Epoch [280/600]  loss: 1.0767  accuracy: 81.05%  val_loss: 1.6726  val_accuracy: 64.99%
  Epoch [281/600]  loss: 1.0745  accuracy: 81.81%  val_loss: 1.6991  val_accuracy: 63.53%
  Epoch [282/600]  loss: 1.0874  accuracy: 81.48%  val_loss: 1.6961  val_accuracy: 63.66%
  Epoch [283/600]  loss: 1.0826  accuracy: 81.71%  val_loss: 1.6905  val_accuracy: 65.12%
  Epoch [284/600]  loss: 1.0706  accuracy: 82.64%  val_loss: 1.6832  val_accuracy: 63.40%
  Epoch [285/600]  loss: 1.0492  accuracy: 82.27%  val_loss: 1.7087  val_accuracy: 63.66%
  Epoch [286/600]  loss: 1.0662  accuracy: 81.51%  val_loss: 1.7049  val_accuracy: 63.26%
  Epoch [287/600]  loss: 1.0848  accuracy: 80.82%  val_loss: 1.6885  val_accuracy: 62.47%
  Epoch [288/600]  loss: 1.0898  accuracy: 81.51%  val_loss: 1.6830  val_accuracy: 64.19%
  Epoch [289/600]  loss: 1.0835  accuracy: 81.44%  val_loss: 1.7016  val_accuracy: 63.13%
  Epoch [290/600]  loss: 1.0868  accuracy: 81.25%  val_loss: 1.6953  val_accuracy: 63.79%
  Epoch [291/600]  loss: 1.0825  accuracy: 82.27%  val_loss: 1.7234  val_accuracy: 63.26%
  Epoch [292/600]  loss: 1.0742  accuracy: 82.50%  val_loss: 1.7046  val_accuracy: 63.93%
  Early stopping triggered after 292 epochs (no improvement for 75 epochs).

  Fold 4 result: val_loss: 1.6499  val_accuracy: 65.52%

Fold [5 / 5]
----------------------------------------------------------------------
  Epoch [1/600]  loss: 2.9823  accuracy: 14.43%  val_loss: 2.3841  val_accuracy: 31.33%
  Epoch [2/600]  loss: 2.3854  accuracy: 24.75%  val_loss: 2.1336  val_accuracy: 42.53%
  Epoch [3/600]  loss: 2.2649  accuracy: 28.99%  val_loss: 2.0859  val_accuracy: 40.40%
  Epoch [4/600]  loss: 2.2174  accuracy: 30.01%  val_loss: 2.0878  val_accuracy: 41.20%
  Epoch [5/600]  loss: 2.1563  accuracy: 31.90%  val_loss: 2.0540  val_accuracy: 44.00%
  Epoch [6/600]  loss: 2.1315  accuracy: 33.16%  val_loss: 2.0516  val_accuracy: 43.20%
  Epoch [7/600]  loss: 2.1047  accuracy: 34.22%  val_loss: 2.0342  val_accuracy: 42.53%
  Epoch [8/600]  loss: 2.0762  accuracy: 34.75%  val_loss: 2.0498  val_accuracy: 43.87%
  Epoch [9/600]  loss: 2.0575  accuracy: 37.33%  val_loss: 1.9904  val_accuracy: 45.33%
  Epoch [10/600]  loss: 2.0298  accuracy: 38.52%  val_loss: 1.9917  val_accuracy: 44.93%
  Epoch [11/600]  loss: 2.0035  accuracy: 38.35%  val_loss: 2.0081  val_accuracy: 44.53%
  Epoch [12/600]  loss: 1.9904  accuracy: 37.92%  val_loss: 1.9918  val_accuracy: 47.20%
  Epoch [13/600]  loss: 1.9794  accuracy: 39.01%  val_loss: 2.0024  val_accuracy: 44.13%
  Epoch [14/600]  loss: 1.9616  accuracy: 40.77%  val_loss: 1.9475  val_accuracy: 46.40%
  Epoch [15/600]  loss: 1.9600  accuracy: 39.08%  val_loss: 1.9741  val_accuracy: 44.13%
  Epoch [16/600]  loss: 1.9334  accuracy: 40.64%  val_loss: 1.9454  val_accuracy: 46.13%
  Epoch [17/600]  loss: 1.9121  accuracy: 41.69%  val_loss: 1.9127  val_accuracy: 48.80%
  Epoch [18/600]  loss: 1.9036  accuracy: 43.75%  val_loss: 1.9361  val_accuracy: 46.00%
  Epoch [19/600]  loss: 1.8770  accuracy: 44.61%  val_loss: 1.9430  val_accuracy: 48.00%
  Epoch [20/600]  loss: 1.8892  accuracy: 41.66%  val_loss: 1.9274  val_accuracy: 49.60%
  Epoch [21/600]  loss: 1.8909  accuracy: 44.08%  val_loss: 1.9070  val_accuracy: 48.53%
  Epoch [22/600]  loss: 1.8781  accuracy: 43.94%  val_loss: 1.9421  val_accuracy: 47.60%
  Epoch [23/600]  loss: 1.8415  accuracy: 44.61%  val_loss: 1.9393  val_accuracy: 52.93%
  Epoch [24/600]  loss: 1.8327  accuracy: 45.30%  val_loss: 1.9133  val_accuracy: 51.20%
  Epoch [25/600]  loss: 1.8385  accuracy: 45.40%  val_loss: 1.9589  val_accuracy: 48.53%
  Epoch [26/600]  loss: 1.8328  accuracy: 45.67%  val_loss: 1.9004  val_accuracy: 51.20%
  Epoch [27/600]  loss: 1.8157  accuracy: 45.96%  val_loss: 1.8940  val_accuracy: 51.20%
  Epoch [28/600]  loss: 1.8025  accuracy: 46.59%  val_loss: 1.8833  val_accuracy: 53.20%
  Epoch [29/600]  loss: 1.8116  accuracy: 46.59%  val_loss: 1.9861  val_accuracy: 46.93%
  Epoch [30/600]  loss: 1.7939  accuracy: 46.72%  val_loss: 1.9084  val_accuracy: 52.93%
  Epoch [31/600]  loss: 1.7683  accuracy: 49.50%  val_loss: 1.8974  val_accuracy: 51.33%
  Epoch [32/600]  loss: 1.7548  accuracy: 48.58%  val_loss: 1.9011  val_accuracy: 52.13%
  Epoch [33/600]  loss: 1.7706  accuracy: 49.21%  val_loss: 1.8615  val_accuracy: 52.53%
  Epoch [34/600]  loss: 1.7504  accuracy: 48.71%  val_loss: 1.8702  val_accuracy: 54.27%
  Epoch [35/600]  loss: 1.7427  accuracy: 50.03%  val_loss: 1.8854  val_accuracy: 51.73%
  Epoch [36/600]  loss: 1.7160  accuracy: 49.83%  val_loss: 1.8899  val_accuracy: 52.00%
  Epoch [37/600]  loss: 1.7270  accuracy: 50.63%  val_loss: 1.8510  val_accuracy: 56.27%
  Epoch [38/600]  loss: 1.7158  accuracy: 52.02%  val_loss: 1.8330  val_accuracy: 56.80%
  Epoch [39/600]  loss: 1.7026  accuracy: 53.08%  val_loss: 1.8893  val_accuracy: 53.47%
  Epoch [40/600]  loss: 1.7012  accuracy: 52.08%  val_loss: 1.8460  val_accuracy: 54.80%
  Epoch [41/600]  loss: 1.6798  accuracy: 52.45%  val_loss: 1.8355  val_accuracy: 57.20%
  Epoch [42/600]  loss: 1.7122  accuracy: 50.73%  val_loss: 1.8569  val_accuracy: 54.13%
  Epoch [43/600]  loss: 1.6891  accuracy: 52.48%  val_loss: 1.8730  val_accuracy: 54.80%
  Epoch [44/600]  loss: 1.6942  accuracy: 51.56%  val_loss: 1.8490  val_accuracy: 56.80%
  Epoch [45/600]  loss: 1.6381  accuracy: 54.96%  val_loss: 1.8214  val_accuracy: 56.67%
  Epoch [46/600]  loss: 1.6767  accuracy: 52.91%  val_loss: 1.8703  val_accuracy: 55.33%
  Epoch [47/600]  loss: 1.6520  accuracy: 54.17%  val_loss: 1.8231  val_accuracy: 57.87%
  Epoch [48/600]  loss: 1.6563  accuracy: 53.90%  val_loss: 1.8302  val_accuracy: 58.00%
  Epoch [49/600]  loss: 1.6622  accuracy: 55.20%  val_loss: 1.8082  val_accuracy: 57.60%
  Epoch [50/600]  loss: 1.6321  accuracy: 55.29%  val_loss: 1.8638  val_accuracy: 56.27%
  Epoch [51/600]  loss: 1.6116  accuracy: 56.42%  val_loss: 1.8183  val_accuracy: 57.33%
  Epoch [52/600]  loss: 1.6347  accuracy: 56.02%  val_loss: 1.8263  val_accuracy: 56.67%
  Epoch [53/600]  loss: 1.6292  accuracy: 55.86%  val_loss: 1.8527  val_accuracy: 58.00%
  Epoch [54/600]  loss: 1.6046  accuracy: 57.45%  val_loss: 1.8597  val_accuracy: 54.93%
  Epoch [55/600]  loss: 1.6069  accuracy: 56.88%  val_loss: 1.7959  val_accuracy: 56.80%
  Epoch [56/600]  loss: 1.6196  accuracy: 55.66%  val_loss: 1.8144  val_accuracy: 58.13%
  Epoch [57/600]  loss: 1.6176  accuracy: 55.96%  val_loss: 1.8182  val_accuracy: 55.47%
  Epoch [58/600]  loss: 1.5737  accuracy: 58.90%  val_loss: 1.7966  val_accuracy: 57.87%
  Epoch [59/600]  loss: 1.5764  accuracy: 59.07%  val_loss: 1.8219  val_accuracy: 56.67%
  Epoch [60/600]  loss: 1.5436  accuracy: 58.74%  val_loss: 1.8176  val_accuracy: 57.20%
  Epoch [61/600]  loss: 1.5684  accuracy: 58.93%  val_loss: 1.8151  val_accuracy: 57.60%
  Epoch [62/600]  loss: 1.5753  accuracy: 59.63%  val_loss: 1.8282  val_accuracy: 59.87%
  Epoch [63/600]  loss: 1.5796  accuracy: 58.24%  val_loss: 1.7883  val_accuracy: 60.27%
  Epoch [64/600]  loss: 1.5672  accuracy: 58.90%  val_loss: 1.8206  val_accuracy: 56.27%
  Epoch [65/600]  loss: 1.5498  accuracy: 58.44%  val_loss: 1.7985  val_accuracy: 56.27%
  Epoch [66/600]  loss: 1.5638  accuracy: 59.27%  val_loss: 1.7817  val_accuracy: 60.13%
  Epoch [67/600]  loss: 1.5735  accuracy: 59.89%  val_loss: 1.7662  val_accuracy: 59.47%
  Epoch [68/600]  loss: 1.5678  accuracy: 59.70%  val_loss: 1.7848  val_accuracy: 60.93%
  Epoch [69/600]  loss: 1.5573  accuracy: 60.82%  val_loss: 1.8127  val_accuracy: 60.53%
  Epoch [70/600]  loss: 1.5431  accuracy: 60.36%  val_loss: 1.7797  val_accuracy: 59.33%
  Epoch [71/600]  loss: 1.5163  accuracy: 61.75%  val_loss: 1.7632  val_accuracy: 62.67%
  Epoch [72/600]  loss: 1.5174  accuracy: 61.22%  val_loss: 1.7599  val_accuracy: 60.93%
  Epoch [73/600]  loss: 1.5415  accuracy: 60.99%  val_loss: 1.7762  val_accuracy: 59.87%
  Epoch [74/600]  loss: 1.5143  accuracy: 62.01%  val_loss: 1.7946  val_accuracy: 61.73%
  Epoch [75/600]  loss: 1.5148  accuracy: 62.57%  val_loss: 1.7877  val_accuracy: 61.87%
  Epoch [76/600]  loss: 1.5125  accuracy: 62.01%  val_loss: 1.7675  val_accuracy: 60.40%
  Epoch [77/600]  loss: 1.5021  accuracy: 62.38%  val_loss: 1.7885  val_accuracy: 62.00%
  Epoch [78/600]  loss: 1.4904  accuracy: 62.54%  val_loss: 1.7691  val_accuracy: 63.60%
  Epoch [79/600]  loss: 1.4831  accuracy: 64.33%  val_loss: 1.7811  val_accuracy: 60.53%
  Epoch [80/600]  loss: 1.5128  accuracy: 62.57%  val_loss: 1.7735  val_accuracy: 62.40%
  Epoch [81/600]  loss: 1.4888  accuracy: 63.20%  val_loss: 1.8085  val_accuracy: 60.80%
  Epoch [82/600]  loss: 1.4974  accuracy: 62.74%  val_loss: 1.8124  val_accuracy: 58.93%
  Epoch [83/600]  loss: 1.4956  accuracy: 63.00%  val_loss: 1.8161  val_accuracy: 60.53%
  Epoch [84/600]  loss: 1.4522  accuracy: 65.52%  val_loss: 1.7970  val_accuracy: 60.27%
  Epoch [85/600]  loss: 1.4885  accuracy: 64.56%  val_loss: 1.7603  val_accuracy: 62.40%
  Epoch [86/600]  loss: 1.4847  accuracy: 63.53%  val_loss: 1.7964  val_accuracy: 62.93%
  Epoch [87/600]  loss: 1.4436  accuracy: 65.52%  val_loss: 1.7708  val_accuracy: 61.87%
  Epoch [88/600]  loss: 1.4681  accuracy: 63.63%  val_loss: 1.7949  val_accuracy: 60.13%
  Epoch [89/600]  loss: 1.4461  accuracy: 66.45%  val_loss: 1.7886  val_accuracy: 59.87%
  Epoch [90/600]  loss: 1.4683  accuracy: 65.09%  val_loss: 1.7777  val_accuracy: 61.73%
  Epoch [91/600]  loss: 1.4538  accuracy: 65.59%  val_loss: 1.7818  val_accuracy: 60.93%
  Epoch [92/600]  loss: 1.4602  accuracy: 66.12%  val_loss: 1.7470  val_accuracy: 62.67%
  Epoch [93/600]  loss: 1.4523  accuracy: 65.39%  val_loss: 1.7685  val_accuracy: 61.33%
  Epoch [94/600]  loss: 1.4504  accuracy: 66.21%  val_loss: 1.7558  val_accuracy: 62.53%
  Epoch [95/600]  loss: 1.4581  accuracy: 65.78%  val_loss: 1.7762  val_accuracy: 62.40%
  Epoch [96/600]  loss: 1.4422  accuracy: 66.55%  val_loss: 1.8069  val_accuracy: 61.07%
  Epoch [97/600]  loss: 1.4647  accuracy: 65.82%  val_loss: 1.7955  val_accuracy: 60.93%
  Epoch [98/600]  loss: 1.4443  accuracy: 64.36%  val_loss: 1.7744  val_accuracy: 61.20%
  Epoch [99/600]  loss: 1.4479  accuracy: 66.21%  val_loss: 1.8196  val_accuracy: 61.07%
  Epoch [100/600]  loss: 1.4105  accuracy: 67.01%  val_loss: 1.7894  val_accuracy: 61.20%
  Epoch [101/600]  loss: 1.4186  accuracy: 67.24%  val_loss: 1.7697  val_accuracy: 62.53%
  Epoch [102/600]  loss: 1.4073  accuracy: 67.17%  val_loss: 1.7479  val_accuracy: 62.93%
  Epoch [103/600]  loss: 1.4230  accuracy: 66.31%  val_loss: 1.7754  val_accuracy: 64.00%
  Epoch [104/600]  loss: 1.3923  accuracy: 68.30%  val_loss: 1.7677  val_accuracy: 62.53%
  Epoch [105/600]  loss: 1.3952  accuracy: 66.81%  val_loss: 1.7372  val_accuracy: 65.20%
  Epoch [106/600]  loss: 1.3755  accuracy: 68.46%  val_loss: 1.7658  val_accuracy: 62.27%
  Epoch [107/600]  loss: 1.4030  accuracy: 67.50%  val_loss: 1.7712  val_accuracy: 62.53%
  Epoch [108/600]  loss: 1.4166  accuracy: 66.51%  val_loss: 1.7661  val_accuracy: 62.40%
  Epoch [109/600]  loss: 1.4000  accuracy: 67.60%  val_loss: 1.7994  val_accuracy: 58.67%
  Epoch [110/600]  loss: 1.3785  accuracy: 68.70%  val_loss: 1.7725  val_accuracy: 61.60%
  Epoch [111/600]  loss: 1.3485  accuracy: 69.89%  val_loss: 1.7521  val_accuracy: 63.07%
  Epoch [112/600]  loss: 1.3856  accuracy: 68.23%  val_loss: 1.7756  val_accuracy: 62.80%
  Epoch [113/600]  loss: 1.3994  accuracy: 68.03%  val_loss: 1.7756  val_accuracy: 61.60%
  Epoch [114/600]  loss: 1.3812  accuracy: 69.03%  val_loss: 1.7547  val_accuracy: 61.87%
  Epoch [115/600]  loss: 1.3733  accuracy: 69.79%  val_loss: 1.7713  val_accuracy: 61.33%
  Epoch [116/600]  loss: 1.3702  accuracy: 68.53%  val_loss: 1.7693  val_accuracy: 60.80%
  Epoch [117/600]  loss: 1.3632  accuracy: 68.73%  val_loss: 1.7525  val_accuracy: 63.73%
  Epoch [118/600]  loss: 1.3630  accuracy: 69.72%  val_loss: 1.7917  val_accuracy: 60.40%
  Epoch [119/600]  loss: 1.3635  accuracy: 69.29%  val_loss: 1.7699  val_accuracy: 62.13%
  Epoch [120/600]  loss: 1.3684  accuracy: 71.05%  val_loss: 1.7635  val_accuracy: 62.13%
  Epoch [121/600]  loss: 1.3377  accuracy: 70.88%  val_loss: 1.7636  val_accuracy: 61.87%
  Epoch [122/600]  loss: 1.3501  accuracy: 70.65%  val_loss: 1.7255  val_accuracy: 63.20%
  Epoch [123/600]  loss: 1.3354  accuracy: 70.95%  val_loss: 1.7476  val_accuracy: 62.00%
  Epoch [124/600]  loss: 1.3316  accuracy: 70.71%  val_loss: 1.7351  val_accuracy: 61.33%
  Epoch [125/600]  loss: 1.3445  accuracy: 69.89%  val_loss: 1.7610  val_accuracy: 63.47%
  Epoch [126/600]  loss: 1.3258  accuracy: 70.22%  val_loss: 1.7466  val_accuracy: 63.20%
  Epoch [127/600]  loss: 1.3231  accuracy: 71.01%  val_loss: 1.7843  val_accuracy: 61.20%
  Epoch [128/600]  loss: 1.3323  accuracy: 71.84%  val_loss: 1.7416  val_accuracy: 62.93%
  Epoch [129/600]  loss: 1.3306  accuracy: 71.67%  val_loss: 1.7929  val_accuracy: 60.80%
  Epoch [130/600]  loss: 1.3058  accuracy: 72.10%  val_loss: 1.7498  val_accuracy: 61.47%
  Epoch [131/600]  loss: 1.3229  accuracy: 71.38%  val_loss: 1.7742  val_accuracy: 60.27%
  Epoch [132/600]  loss: 1.3201  accuracy: 72.01%  val_loss: 1.7996  val_accuracy: 62.00%
  Epoch [133/600]  loss: 1.3111  accuracy: 70.58%  val_loss: 1.7515  val_accuracy: 63.07%
  Epoch [134/600]  loss: 1.3255  accuracy: 71.77%  val_loss: 1.7595  val_accuracy: 62.40%
  Epoch [135/600]  loss: 1.3228  accuracy: 71.84%  val_loss: 1.7557  val_accuracy: 62.93%
  Epoch [136/600]  loss: 1.2912  accuracy: 73.49%  val_loss: 1.7455  val_accuracy: 62.93%
  Epoch [137/600]  loss: 1.3085  accuracy: 71.87%  val_loss: 1.7461  val_accuracy: 62.67%
  Epoch [138/600]  loss: 1.2991  accuracy: 72.20%  val_loss: 1.7555  val_accuracy: 63.47%
  Epoch [139/600]  loss: 1.2820  accuracy: 74.09%  val_loss: 1.7428  val_accuracy: 63.60%
  Epoch [140/600]  loss: 1.2815  accuracy: 73.59%  val_loss: 1.7138  val_accuracy: 63.20%
  Epoch [141/600]  loss: 1.3364  accuracy: 70.88%  val_loss: 1.7100  val_accuracy: 64.13%
  Epoch [142/600]  loss: 1.2618  accuracy: 73.96%  val_loss: 1.7382  val_accuracy: 65.07%
  Epoch [143/600]  loss: 1.2894  accuracy: 71.94%  val_loss: 1.7592  val_accuracy: 62.93%
  Epoch [144/600]  loss: 1.3029  accuracy: 72.14%  val_loss: 1.7176  val_accuracy: 63.47%
  Epoch [145/600]  loss: 1.2970  accuracy: 73.20%  val_loss: 1.7136  val_accuracy: 64.53%
  Epoch [146/600]  loss: 1.2992  accuracy: 72.34%  val_loss: 1.7104  val_accuracy: 64.93%
  Epoch [147/600]  loss: 1.2906  accuracy: 72.30%  val_loss: 1.7375  val_accuracy: 63.20%
  Epoch [148/600]  loss: 1.2910  accuracy: 73.20%  val_loss: 1.6987  val_accuracy: 64.67%
  Epoch [149/600]  loss: 1.2759  accuracy: 74.06%  val_loss: 1.7210  val_accuracy: 66.00%
  Epoch [150/600]  loss: 1.2703  accuracy: 73.53%  val_loss: 1.7269  val_accuracy: 65.47%
  Epoch [151/600]  loss: 1.2614  accuracy: 73.83%  val_loss: 1.7528  val_accuracy: 63.33%
  Epoch [152/600]  loss: 1.2500  accuracy: 74.69%  val_loss: 1.7372  val_accuracy: 63.73%
  Epoch [153/600]  loss: 1.2389  accuracy: 74.55%  val_loss: 1.7310  val_accuracy: 64.27%
  Epoch [154/600]  loss: 1.2628  accuracy: 74.62%  val_loss: 1.7358  val_accuracy: 64.13%
  Epoch [155/600]  loss: 1.2476  accuracy: 73.43%  val_loss: 1.7463  val_accuracy: 64.00%
  Epoch [156/600]  loss: 1.2258  accuracy: 75.38%  val_loss: 1.7462  val_accuracy: 64.13%
  Epoch [157/600]  loss: 1.2723  accuracy: 73.73%  val_loss: 1.7496  val_accuracy: 63.47%
  Epoch [158/600]  loss: 1.2713  accuracy: 73.53%  val_loss: 1.6986  val_accuracy: 64.53%
  Epoch [159/600]  loss: 1.2570  accuracy: 74.55%  val_loss: 1.7007  val_accuracy: 64.40%
  Epoch [160/600]  loss: 1.2488  accuracy: 75.61%  val_loss: 1.7515  val_accuracy: 61.87%
  Epoch [161/600]  loss: 1.2492  accuracy: 74.78%  val_loss: 1.7301  val_accuracy: 64.27%
  Epoch [162/600]  loss: 1.2492  accuracy: 74.29%  val_loss: 1.7056  val_accuracy: 65.07%
  Epoch [163/600]  loss: 1.2196  accuracy: 75.58%  val_loss: 1.6998  val_accuracy: 65.47%
  Epoch [164/600]  loss: 1.2473  accuracy: 74.75%  val_loss: 1.7134  val_accuracy: 64.00%
  Epoch [165/600]  loss: 1.2635  accuracy: 74.95%  val_loss: 1.7195  val_accuracy: 65.33%
  Epoch [166/600]  loss: 1.2285  accuracy: 75.55%  val_loss: 1.7366  val_accuracy: 63.60%
  Epoch [167/600]  loss: 1.2234  accuracy: 75.98%  val_loss: 1.6997  val_accuracy: 65.33%
  Epoch [168/600]  loss: 1.2097  accuracy: 76.47%  val_loss: 1.6988  val_accuracy: 64.13%
  Epoch [169/600]  loss: 1.2088  accuracy: 76.17%  val_loss: 1.7181  val_accuracy: 63.87%
  Epoch [170/600]  loss: 1.2250  accuracy: 75.28%  val_loss: 1.7413  val_accuracy: 63.73%
  Epoch [171/600]  loss: 1.2035  accuracy: 77.73%  val_loss: 1.7342  val_accuracy: 64.67%
  Epoch [172/600]  loss: 1.2256  accuracy: 75.55%  val_loss: 1.7357  val_accuracy: 65.07%
  Epoch [173/600]  loss: 1.2063  accuracy: 77.04%  val_loss: 1.7344  val_accuracy: 64.13%
  Epoch [174/600]  loss: 1.1963  accuracy: 76.94%  val_loss: 1.7242  val_accuracy: 64.13%
  Epoch [175/600]  loss: 1.2253  accuracy: 76.47%  val_loss: 1.7048  val_accuracy: 65.33%
  Epoch [176/600]  loss: 1.1894  accuracy: 76.70%  val_loss: 1.7233  val_accuracy: 64.27%
  Epoch [177/600]  loss: 1.2128  accuracy: 75.22%  val_loss: 1.7353  val_accuracy: 62.40%
  Epoch [178/600]  loss: 1.2229  accuracy: 75.98%  val_loss: 1.7460  val_accuracy: 62.13%
  Epoch [179/600]  loss: 1.2164  accuracy: 76.44%  val_loss: 1.7042  val_accuracy: 64.27%
  Epoch [180/600]  loss: 1.1861  accuracy: 76.44%  val_loss: 1.7073  val_accuracy: 63.33%
  Epoch [181/600]  loss: 1.1708  accuracy: 78.66%  val_loss: 1.7354  val_accuracy: 64.53%
  Epoch [182/600]  loss: 1.2049  accuracy: 76.80%  val_loss: 1.7200  val_accuracy: 64.67%
  Epoch [183/600]  loss: 1.2027  accuracy: 75.74%  val_loss: 1.7160  val_accuracy: 63.07%
  Epoch [184/600]  loss: 1.1947  accuracy: 76.77%  val_loss: 1.6983  val_accuracy: 63.20%
  Epoch [185/600]  loss: 1.1898  accuracy: 77.93%  val_loss: 1.7073  val_accuracy: 64.40%
  Epoch [186/600]  loss: 1.1807  accuracy: 76.77%  val_loss: 1.7324  val_accuracy: 62.93%
  Epoch [187/600]  loss: 1.1960  accuracy: 76.77%  val_loss: 1.7832  val_accuracy: 60.00%
  Epoch [188/600]  loss: 1.1897  accuracy: 77.07%  val_loss: 1.7330  val_accuracy: 64.27%
  Epoch [189/600]  loss: 1.1740  accuracy: 78.09%  val_loss: 1.7465  val_accuracy: 62.13%
  Epoch [190/600]  loss: 1.1822  accuracy: 77.83%  val_loss: 1.7146  val_accuracy: 65.33%
  Epoch [191/600]  loss: 1.1784  accuracy: 77.56%  val_loss: 1.6977  val_accuracy: 65.87%
  Epoch [192/600]  loss: 1.1726  accuracy: 78.42%  val_loss: 1.7476  val_accuracy: 62.40%
  Epoch [193/600]  loss: 1.1805  accuracy: 76.84%  val_loss: 1.7486  val_accuracy: 63.07%
  Epoch [194/600]  loss: 1.1656  accuracy: 78.29%  val_loss: 1.7344  val_accuracy: 63.33%
  Epoch [195/600]  loss: 1.1636  accuracy: 78.03%  val_loss: 1.6998  val_accuracy: 63.87%
  Epoch [196/600]  loss: 1.1649  accuracy: 78.26%  val_loss: 1.7392  val_accuracy: 62.27%
  Epoch [197/600]  loss: 1.1656  accuracy: 78.33%  val_loss: 1.6921  val_accuracy: 65.33%
  Epoch [198/600]  loss: 1.1603  accuracy: 78.03%  val_loss: 1.7078  val_accuracy: 65.60%
  Epoch [199/600]  loss: 1.1482  accuracy: 79.65%  val_loss: 1.7027  val_accuracy: 64.53%
  Epoch [200/600]  loss: 1.1513  accuracy: 79.55%  val_loss: 1.7225  val_accuracy: 63.07%
  Epoch [201/600]  loss: 1.1425  accuracy: 78.76%  val_loss: 1.7352  val_accuracy: 63.47%
  Epoch [202/600]  loss: 1.1590  accuracy: 78.33%  val_loss: 1.7116  val_accuracy: 65.20%
  Epoch [203/600]  loss: 1.1398  accuracy: 80.08%  val_loss: 1.7038  val_accuracy: 65.20%
  Epoch [204/600]  loss: 1.1654  accuracy: 78.72%  val_loss: 1.7079  val_accuracy: 65.47%
  Epoch [205/600]  loss: 1.1519  accuracy: 78.03%  val_loss: 1.7222  val_accuracy: 63.07%
  Epoch [206/600]  loss: 1.1358  accuracy: 79.32%  val_loss: 1.7575  val_accuracy: 61.73%
  Epoch [207/600]  loss: 1.1355  accuracy: 80.08%  val_loss: 1.7210  val_accuracy: 66.40%
  Epoch [208/600]  loss: 1.1196  accuracy: 80.71%  val_loss: 1.7126  val_accuracy: 63.73%
